dataset,model_id,parameter,mean,sd,rhat,ess_bulk,ess_tail
merged,MERGED-Isite-L0S0-E,beta_inc[1],0.412836939377474,0.129747507521129,0.999434493140341,3889.77882043371,2777.21134954142
merged,MERGED-Isite-L0S0-E,beta_inc[2],0.768824589043657,0.167953267207937,1.00047377365669,4289.38863913662,2853.40107992745
merged,MERGED-Isite-L0S0-E,beta_inc[3],0.623020984539431,0.182881776904073,0.99986809295328,4723.624324269,3012.52281343204
merged,MERGED-Isite-L0S0-E,beta_inc[4],0.130493643772749,0.272943756402621,1.00003350724891,3543.12271780893,2920.65502024343
merged,MERGED-Isite-L0S0-E,beta_inc[5],0.136835682651026,0.296731019101249,1.00044091816195,5160.38237514021,2888.34618807807
merged,MERGED-Isite-L0S0-E,beta_inc[6],-0.437311961710339,0.403774407122986,1.00075377970823,3808.2801908773,2609.70740981235
merged,MERGED-Isite-L0S0-E,delta0,8.9229266327386,0.597353109136351,1.00113972151112,1854.53982958002,1257.2060463547
merged,MERGED-Isite-L0S0-E,gamma0,0.703293079465429,0.429570394745568,1.00041454868977,2232.86355184315,1323.36663789437
merged,MERGED-Isite-L0S0-E,gamma_lat[1],-0.293023183684048,0.290079953435361,0.999747301262416,4596.13058332195,3039.62739902478
merged,MERGED-Isite-L0S0-E,gamma_lat[2],0.643922866008661,0.384102273945027,1.00091647282489,3631.56920002479,2912.02210620899
merged,MERGED-Isite-L0S0-LL,beta_inc[1],0.42825779888948,0.132627223372681,1.00050883257661,4105.0583440132,2408.70934868583
merged,MERGED-Isite-L0S0-LL,beta_inc[2],0.877361223359564,0.180014922157477,1.00026251140207,4246.30566773864,2990.51881322191
merged,MERGED-Isite-L0S0-LL,beta_inc[3],0.60581225244183,0.192394591779417,1.00028679534261,4640.34398411413,2585.76833630595
merged,MERGED-Isite-L0S0-LL,beta_inc[4],0.394513512170267,0.279594568611634,0.999809290136235,3930.16561617924,2751.94800686155
merged,MERGED-Isite-L0S0-LL,beta_inc[5],0.0768803736254336,0.290478561198175,1.00136316195301,4786.19575219764,2891.57628552662
merged,MERGED-Isite-L0S0-LL,beta_inc[6],-0.0893442725286816,0.478472613183711,1.00161560350367,4179.77924015385,3050.07800367172
merged,MERGED-Isite-L0S0-LL,delta0,10.3780567748517,1.1581372243613,1.00503309711269,1903.74630600136,2141.12488791093
merged,MERGED-Isite-L0S0-LL,gamma0,2.14266936586274,0.729086706602217,1.00179366914959,1743.90669220468,2420.28211503679
merged,MERGED-Isite-L0S0-LL,gamma_lat[1],-0.329051402662948,0.441975891726957,1.00298530906949,4100.54068243847,2951.86619591119
merged,MERGED-Isite-L0S0-LL,gamma_lat[2],0.590243864291875,0.4755726886356,1.00164672906596,3053.28033846153,2499.7905649763
merged,MERGED-Isite-L0S0-LL,psi_LL,0.312808622696703,0.138096763582192,1.00153153572096,2789.85300324677,2638.64448666944
merged,MERGED-Isite-L0S0-LN,beta_inc[1],0.43132372930412,0.134790396991698,0.999890060075132,5015.4228363129,3220.07534448122
merged,MERGED-Isite-L0S0-LN,beta_inc[2],0.886981642815566,0.176922425537422,1.00018575337821,4391.9988763775,2678.16871141981
merged,MERGED-Isite-L0S0-LN,beta_inc[3],0.607588446588636,0.189774837645859,1.0025863422956,5147.32170699778,2800.60251910506
merged,MERGED-Isite-L0S0-LN,beta_inc[4],0.399282913571091,0.27589989745777,1.00088095195153,4676.44441049762,3291.50059941543
merged,MERGED-Isite-L0S0-LN,beta_inc[5],0.0833352354643975,0.296197201276075,1.00014063709528,4153.16659694531,2669.98157473669
merged,MERGED-Isite-L0S0-LN,beta_inc[6],-0.0802907521172067,0.479426995503641,1.0004257446608,3956.62568578284,2965.89638754476
merged,MERGED-Isite-L0S0-LN,delta0,10.3463887239664,1.10701647456904,1.00115196108754,2286.71546108719,2260.41761005201
merged,MERGED-Isite-L0S0-LN,gamma0,2.30970737072278,0.773640226417684,1.0017920052072,2047.32843748086,2511.48405472759
merged,MERGED-Isite-L0S0-LN,gamma_lat[1],-0.227668826365598,0.450972647395259,0.999804895869516,4147.45412428412,2636.90662429261
merged,MERGED-Isite-L0S0-LN,gamma_lat[2],0.627236631683436,0.481664121017779,1.00241724776341,3576.35013111227,2765.71688710423
merged,MERGED-Isite-L0S0-LN,log_sigma_LN,0.943304171906548,0.132701508303662,1.00012727195688,2707.68687203875,2342.66714116762
merged,MERGED-Isite-L0S0-W,beta_inc[1],0.431253150158903,0.135687387261772,1.00199841158692,5740.1750763911,2766.18907025839
merged,MERGED-Isite-L0S0-W,beta_inc[2],0.871214243110479,0.176887726103265,1.00077811059977,4925.54768868443,3005.04613384034
merged,MERGED-Isite-L0S0-W,beta_inc[3],0.603684760709251,0.186545384067688,1.00153117053521,6473.6130747017,2825.77682645917
merged,MERGED-Isite-L0S0-W,beta_inc[4],0.372921208539492,0.28757738107736,0.999919825513574,4686.15390147958,2968.84711904933
merged,MERGED-Isite-L0S0-W,beta_inc[5],0.0873410197013478,0.306044188399206,1.00106657808975,5661.77131594104,3145.5966583672
merged,MERGED-Isite-L0S0-W,beta_inc[6],-0.11566151158774,0.475435926254079,0.99985342902782,4445.45350470414,2977.53176757879
merged,MERGED-Isite-L0S0-W,delta0,10.1871660075627,1.15102678741038,1.000971919946,2422.85894154822,2212.11658379442
merged,MERGED-Isite-L0S0-W,gamma0,1.90804795384558,0.737030955419532,1.00099096201929,2100.40553950445,2701.91228595565
merged,MERGED-Isite-L0S0-W,gamma_lat[1],-0.315826397233332,0.422968227467504,1.00008647343486,3923.94514822994,2798.82967627972
merged,MERGED-Isite-L0S0-W,gamma_lat[2],0.577760968447226,0.463680099744762,1.00043103487315,3399.58018029647,2902.54298385922
merged,MERGED-Isite-L0S0-W,rho_W,-0.403821745585013,0.132336536811444,1.00163252731498,3772.15426249163,3034.58905575876
merged,MERGED-Isite-L0S1-E,beta_inc[1],0.421624622154964,0.134035461113405,1.00023903170148,5436.51436671826,2895.85933487211
merged,MERGED-Isite-L0S1-E,beta_inc[2],0.827085119385538,0.181133717146874,1.00099803672201,4470.10303288697,3031.07838287201
merged,MERGED-Isite-L0S1-E,beta_inc[3],0.617722037972096,0.182639265843256,1.00050020103308,6825.31030673002,3040.93887579451
merged,MERGED-Isite-L0S1-E,beta_inc[4],0.268037767853018,0.29423045301176,1.00044002549354,3604.41763456064,2978.96630579163
merged,MERGED-Isite-L0S1-E,beta_inc[5],0.116040782768757,0.290468418577632,1.00175876734527,5160.98747888408,2811.61601618864
merged,MERGED-Isite-L0S1-E,beta_inc[6],0.0322748060237043,0.462766960047885,1.00204403532965,4347.55959119902,3230.86489261603
merged,MERGED-Isite-L0S1-E,delta0,9.36737723803247,1.17712366580376,1.00267343630119,1803.00254886383,2096.94477542635
merged,MERGED-Isite-L0S1-E,gamma0,0.38550623048751,0.636547362087253,1.00163639259332,1849.8088062147,2989.54769409009
merged,MERGED-Isite-L0S1-E,gamma_lat[1],-0.0674872492552037,0.322092945403271,1.00174195561781,3614.86389208822,3076.40009470325
merged,MERGED-Isite-L0S1-E,gamma_lat[2],0.458403871499039,0.378886880653484,0.999592310879223,3659.32177347746,2991.84624059768
merged,MERGED-Isite-L0S1-E,gamma_lat[3],1.09622194954654,0.46397798461681,1.00054775600993,3529.58958642871,3078.61806501171
merged,MERGED-Isite-L0S1-LL,beta_inc[1],0.427640059589387,0.131391790592472,1.00025408639126,5800.99923946534,2853.92959623919
merged,MERGED-Isite-L0S1-LL,beta_inc[2],0.890024253383267,0.180192224246256,1.00116766731586,5316.31493799657,2731.59475139867
merged,MERGED-Isite-L0S1-LL,beta_inc[3],0.605091779529739,0.184447982752142,1.00281242390948,4998.01699548626,2916.44577098115
merged,MERGED-Isite-L0S1-LL,beta_inc[4],0.412675905081893,0.280091841979258,1.00037738724083,4832.72407986415,3060.48371535262
merged,MERGED-Isite-L0S1-LL,beta_inc[5],0.0727690119261518,0.296679860616507,1.00001143780998,4771.15846789801,2827.00441259139
merged,MERGED-Isite-L0S1-LL,beta_inc[6],0.119009559346032,0.478135947361296,1.00056445535085,5389.49020137458,2996.28208967791
merged,MERGED-Isite-L0S1-LL,delta0,10.4522795309323,1.22548075818991,1.00139058886986,2828.23042743006,2285.70560807397
merged,MERGED-Isite-L0S1-LL,gamma0,1.40459992663187,0.723868007832154,1.00489123864727,2846.13223134214,2843.58406915636
merged,MERGED-Isite-L0S1-LL,gamma_lat[1],-0.139580368394979,0.420293106375226,1.00160586013347,4217.18552610638,2916.1756137222
merged,MERGED-Isite-L0S1-LL,gamma_lat[2],0.435609346401172,0.451873181501465,1.00096943750323,3839.05163791593,2762.18499127229
merged,MERGED-Isite-L0S1-LL,gamma_lat[3],1.09585714543357,0.502478794917343,1.0034556927016,4405.82403908351,3093.04433014176
merged,MERGED-Isite-L0S1-LL,psi_LL,0.276794568108372,0.134569315296347,1.00233882599966,3799.97051068118,2918.1970125332
merged,MERGED-Isite-L0S1-LN,beta_inc[1],0.42789163926696,0.130125528547539,1.00068192810549,4200.79975386932,2975.38796093315
merged,MERGED-Isite-L0S1-LN,beta_inc[2],0.894717436659038,0.172890824685313,0.999535958090847,4277.54979637922,2528.33990161291
merged,MERGED-Isite-L0S1-LN,beta_inc[3],0.605701375409151,0.193672993061467,0.999912653677567,4136.96182747079,2390.14461805657
merged,MERGED-Isite-L0S1-LN,beta_inc[4],0.413933000310598,0.28051558863029,1.00141406654768,3797.75167090382,2944.58214856977
merged,MERGED-Isite-L0S1-LN,beta_inc[5],0.0783074583904511,0.296206575987882,1.00009135212096,4401.00030029599,3104.82917420358
merged,MERGED-Isite-L0S1-LN,beta_inc[6],0.107457245470314,0.472752455605886,1.00017598054754,4072.9281316844,2648.59573743116
merged,MERGED-Isite-L0S1-LN,delta0,10.4258211935604,1.20768755431586,1.00110290103032,1994.27906012085,2156.54681544024
merged,MERGED-Isite-L0S1-LN,gamma0,1.57422798450557,0.794733729462026,1.00108068039037,1828.24147489632,2275.89302134275
merged,MERGED-Isite-L0S1-LN,gamma_lat[1],-0.026090943322613,0.456744294132611,1.00054450086193,3617.52629302949,2929.53454150569
merged,MERGED-Isite-L0S1-LN,gamma_lat[2],0.44870044928417,0.474203179518254,1.00110052583659,3295.28364796745,2815.27707889792
merged,MERGED-Isite-L0S1-LN,gamma_lat[3],1.12116773702269,0.535598593820882,1.00000728920716,3264.09655763792,2767.72959899524
merged,MERGED-Isite-L0S1-LN,log_sigma_LN,0.917552749185795,0.128993113411504,1.0006154269526,2312.34250842191,2482.83906684607
merged,MERGED-Isite-L0S1-W,beta_inc[1],0.427574716273358,0.131879827751648,1.00041688203795,5843.56330248481,3018.21459736843
merged,MERGED-Isite-L0S1-W,beta_inc[2],0.8821546131748,0.176713995189032,1.00134420586128,5126.25709330477,2772.52185240008
merged,MERGED-Isite-L0S1-W,beta_inc[3],0.603244094371266,0.189677103207623,1.00103877405741,6355.37345551896,2719.40765432154
merged,MERGED-Isite-L0S1-W,beta_inc[4],0.405370173693782,0.280889949798691,1.0002063731404,4670.71313606468,2913.01920968038
merged,MERGED-Isite-L0S1-W,beta_inc[5],0.0837474173885466,0.293661522878624,1.00061492444569,5792.96865180441,2630.26107478613
merged,MERGED-Isite-L0S1-W,beta_inc[6],0.112859945582301,0.47515881312296,1.0020266252714,4886.7026252282,3066.01078389293
merged,MERGED-Isite-L0S1-W,delta0,10.3904107129573,1.26553384885161,1.00132480358319,2313.42721358833,2229.92346233173
merged,MERGED-Isite-L0S1-W,gamma0,1.22856481809739,0.689987346332089,1.00089507003842,2481.6214428148,2541.73415037767
merged,MERGED-Isite-L0S1-W,gamma_lat[1],-0.148430715711233,0.421054735614231,0.99967358762333,4181.32650045926,2839.34461934728
merged,MERGED-Isite-L0S1-W,gamma_lat[2],0.413761036539286,0.436528158822242,1.00055300829901,4552.90658220268,2679.13903395546
merged,MERGED-Isite-L0S1-W,gamma_lat[3],1.09196489391104,0.503930426019179,1.00063966927829,4110.86265082903,2961.85147057663
merged,MERGED-Isite-L0S1-W,rho_W,-0.368494516982399,0.12617686745902,0.999990357979926,4292.76494967983,3274.74542159064
merged,MERGED-Isite-L1S0-E,beta_inc[1],0.413800411493086,0.132029197517401,1.00041428934417,4926.01192168559,2820.35161367237
merged,MERGED-Isite-L1S0-E,beta_inc[2],0.772331584359698,0.173433788732278,0.999734847101519,4763.67426017402,2647.72514795632
merged,MERGED-Isite-L1S0-E,beta_inc[3],0.613274836638916,0.186841108773023,1.00008803319064,4632.86173629424,2542.2987974428
merged,MERGED-Isite-L1S0-E,beta_inc[4],0.128083768463062,0.277780335898665,1.00128394334552,3561.98695383874,2897.53830407439
merged,MERGED-Isite-L1S0-E,beta_inc[5],0.122806735275973,0.282661379885203,1.00350065268447,4552.15143117494,3026.21664167865
merged,MERGED-Isite-L1S0-E,beta_inc[6],-0.421602103284006,0.395980916741848,1.00037391883231,3619.83244939701,2885.41395616465
merged,MERGED-Isite-L1S0-E,delta0,8.92521080302825,0.590354009285623,1.00145959857469,2489.0643867215,1587.45606877206
merged,MERGED-Isite-L1S0-E,gamma0,0.724241918625036,0.442319429923296,1.00100803361387,2497.77577649799,1372.10584296395
merged,MERGED-Isite-L1S0-E,gamma_lat[1],-0.214378976089953,0.349493932454579,0.999928215338654,3395.22167145766,3041.62348680481
merged,MERGED-Isite-L1S0-E,gamma_lat[2],0.638912903573773,0.380589291976154,1.00166773504253,3237.59170754661,2803.28443689206
merged,MERGED-Isite-L1S0-E,gamma_lat[3],-0.142484241661493,0.519731916109141,1.00072576076772,3748.84092994884,2998.85535582133
merged,MERGED-Isite-L1S0-LL,beta_inc[1],0.430431442878754,0.133886047719058,1.00208258151736,4108.41388228764,2828.78071577323
merged,MERGED-Isite-L1S0-LL,beta_inc[2],0.883046655049045,0.172751183280159,1.00025774243741,4183.57107701359,3129.41778480374
merged,MERGED-Isite-L1S0-LL,beta_inc[3],0.60297053187493,0.193341180466397,1.000252552706,4415.02959770335,3015.89972660997
merged,MERGED-Isite-L1S0-LL,beta_inc[4],0.390236828228143,0.288656638828361,1.0003283786534,3319.68097147643,2747.25270305963
merged,MERGED-Isite-L1S0-LL,beta_inc[5],0.083081640341131,0.29646219702335,1.00041535700751,4198.47000291305,3068.22981896631
merged,MERGED-Isite-L1S0-LL,beta_inc[6],-0.0856816586472018,0.469234521234988,1.00168777565502,3963.4667145381,3054.80084578503
merged,MERGED-Isite-L1S0-LL,delta0,10.359926098244,1.15873522235966,1.00144243341832,2058.85212500131,2109.14974748114
merged,MERGED-Isite-L1S0-LL,gamma0,2.1458303724434,0.722148235884943,1.0024895420665,1789.56757004537,2521.57365378512
merged,MERGED-Isite-L1S0-LL,gamma_lat[1],-0.178389496911147,0.50747485190988,1.00151988367439,3113.26222059909,3132.94800391142
merged,MERGED-Isite-L1S0-LL,gamma_lat[2],0.596788418525709,0.479227646393007,1.00232437263897,2561.24767459619,2386.55539105224
merged,MERGED-Isite-L1S0-LL,gamma_lat[3],-0.287512279233283,0.638490379540365,1.00174312292154,3441.94917546145,2716.46061621934
merged,MERGED-Isite-L1S0-LL,psi_LL,0.316433703688465,0.137584056728787,1.00088894578324,2952.249571498,2801.58873947967
merged,MERGED-Isite-L1S0-LN,beta_inc[1],0.42792806459538,0.12983830922286899,0.999801753080313,4135.17824234689,2472.45673512927
merged,MERGED-Isite-L1S0-LN,beta_inc[2],0.890984312458864,0.173188894030301,1.00042946885964,4470.9570530683,2814.63250872833
merged,MERGED-Isite-L1S0-LN,beta_inc[3],0.603033361826057,0.190819966855961,1.00016886968297,4759.21646632958,3106.05385071639
merged,MERGED-Isite-L1S0-LN,beta_inc[4],0.3977234877718,0.284562150851231,1.00064631524286,3797.3038017385,2947.41652650522
merged,MERGED-Isite-L1S0-LN,beta_inc[5],0.0762502355872154,0.305280362756183,1.00055957067012,5246.19152580041,2972.67220769045
merged,MERGED-Isite-L1S0-LN,beta_inc[6],-0.0519756235996164,0.481662831038221,1.00163434105262,4076.00962390727,2764.52144389885
merged,MERGED-Isite-L1S0-LN,delta0,10.4181072118472,1.1307960806263,1.00069323729033,1889.48386104465,2152.55115260305
merged,MERGED-Isite-L1S0-LN,gamma0,2.37879061832256,0.776735871196741,1.00077573570005,1821.61055569364,2357.61716347956
merged,MERGED-Isite-L1S0-LN,gamma_lat[1],-0.0952693538779152,0.545097874745286,1.00065040402406,3712.54352013408,2789.01175976218
merged,MERGED-Isite-L1S0-LN,gamma_lat[2],0.630875516242206,0.493071670704774,1.00054691070395,3504.70619058312,2929.12839589822
merged,MERGED-Isite-L1S0-LN,gamma_lat[3],-0.280234407723299,0.652692981416251,1.00186378956565,3954.55332615688,3109.68581619647
merged,MERGED-Isite-L1S0-LN,log_sigma_LN,0.957672363641114,0.132412524949472,0.99993562804325,2562.53314552501,2761.05601571279
merged,MERGED-Isite-L1S0-W,beta_inc[1],0.434079747521664,0.127810643530778,1.00061467958932,4392.5964218833,2840.5635589006
merged,MERGED-Isite-L1S0-W,beta_inc[2],0.872548952607426,0.180780627061559,1.00123705854346,4635.93230784409,3075.08506475128
merged,MERGED-Isite-L1S0-W,beta_inc[3],0.601459876821266,0.191341387323489,1.00084603260133,5174.4208475703,2825.73004967126
merged,MERGED-Isite-L1S0-W,beta_inc[4],0.375372817148729,0.289960013647944,1.00158375992613,3981.16093473825,3093.2206634892
merged,MERGED-Isite-L1S0-W,beta_inc[5],0.0765925042836024,0.299785848901839,1.00011382323945,4022.89651167955,2818.98898530862
merged,MERGED-Isite-L1S0-W,beta_inc[6],-0.113709033893215,0.494703707318347,1.00050931585976,3952.99670137304,2413.12735732735
merged,MERGED-Isite-L1S0-W,delta0,10.2923171664314,1.24537126415391,1.00188751949685,2102.9445705928,2096.08169843971
merged,MERGED-Isite-L1S0-W,gamma0,1.96621482588852,0.751883027329885,1.00152387565266,1793.82105868055,2388.13344633116
merged,MERGED-Isite-L1S0-W,gamma_lat[1],-0.181610241745464,0.514119784155294,1.00185837770624,3514.30591938996,2616.56214398954
merged,MERGED-Isite-L1S0-W,gamma_lat[2],0.56855043273619,0.484073883355024,1.00105369151233,3349.75973275336,2491.86722917687
merged,MERGED-Isite-L1S0-W,gamma_lat[3],-0.291530035102659,0.630104842475801,1.00264352417407,3784.09531033275,2898.52337045533
merged,MERGED-Isite-L1S0-W,rho_W,-0.41281086036567,0.129491423175646,1.00004410606158,3357.90432452537,2967.0740249263
merged,MERGED-Isite-L1S1-E,beta_inc[1],0.423490942409078,0.132649254443357,1.0011951935668,5219.95728429181,2915.15128477168
merged,MERGED-Isite-L1S1-E,beta_inc[2],0.830740329606741,0.170282155867086,0.999955868114672,4401.5021758189,3063.44092165588
merged,MERGED-Isite-L1S1-E,beta_inc[3],0.619302430551905,0.190757794720783,1.00119523450592,5143.09610959557,2692.45363871008
merged,MERGED-Isite-L1S1-E,beta_inc[4],0.265961803817271,0.309121975065743,1.00030076826059,3491.15833408843,3114.47024417413
merged,MERGED-Isite-L1S1-E,beta_inc[5],0.113966489294142,0.310177925895976,1.0004432629392,5260.54066292612,2830.36249955123
merged,MERGED-Isite-L1S1-E,beta_inc[6],0.03766580983991,0.468562765741237,1.00040456235767,4050.53675647492,2911.64520553978
merged,MERGED-Isite-L1S1-E,delta0,9.3781753943877,1.1693726003887,1.0029029370889,1848.72964309056,2272.89420226194
merged,MERGED-Isite-L1S1-E,gamma0,0.380707707479684,0.626103161473315,1.00197905104282,1871.67880124866,2712.49918571084
merged,MERGED-Isite-L1S1-E,gamma_lat[1],0.091323896433804,0.393341136070362,0.999651030963687,3403.01300984207,3029.06644678661
merged,MERGED-Isite-L1S1-E,gamma_lat[2],0.45403844817127,0.365060069405004,1.00089379665997,3987.93611027883,3080.36553458577
merged,MERGED-Isite-L1S1-E,gamma_lat[3],-0.308613011629984,0.511240483753178,1.00001916692498,3787.64982069955,3141.4267673744
merged,MERGED-Isite-L1S1-E,gamma_lat[4],1.12841535710667,0.465697919880659,1.00069610489539,3098.11033413463,2701.72236491834
merged,MERGED-Isite-L1S1-LL,beta_inc[1],0.430144095754772,0.130925459013843,1.0009082290721,5351.45875555246,2874.08371007866
merged,MERGED-Isite-L1S1-LL,beta_inc[2],0.891075863541613,0.175582524785415,1.0005019082562,5311.66144007115,3036.65533715207
merged,MERGED-Isite-L1S1-LL,beta_inc[3],0.607044055245681,0.183861946271286,1.00096740793061,4979.63662481686,2958.85813725014
merged,MERGED-Isite-L1S1-LL,beta_inc[4],0.40508897009691,0.279843304859828,1.0000564316664,5797.88490139236,2407.91217704223
merged,MERGED-Isite-L1S1-LL,beta_inc[5],0.0809735482462351,0.304093062670586,1.00031176242961,5409.85714166864,2794.56972794634
merged,MERGED-Isite-L1S1-LL,beta_inc[6],0.113419362392502,0.47568700923671,0.999846399044737,5209.69065422306,2869.0664008735
merged,MERGED-Isite-L1S1-LL,delta0,10.488658905748,1.22623219742153,1.00249051924857,2916.31535930649,2194.97497187979
merged,MERGED-Isite-L1S1-LL,gamma0,1.41068051828232,0.718119713947284,1.00152291249364,2906.61275605606,2508.37753290235
merged,MERGED-Isite-L1S1-LL,gamma_lat[1],0.032216312786041,0.512434648161012,1.0008971053584,3524.81908580974,2767.60287718662
merged,MERGED-Isite-L1S1-LL,gamma_lat[2],0.440952713775773,0.459076796257096,1.00262381311147,4453.10860701326,2628.52763807442
merged,MERGED-Isite-L1S1-LL,gamma_lat[3],-0.362405519495346,0.629292501755408,1.00015963104169,3737.90735029583,2739.49242154363
merged,MERGED-Isite-L1S1-LL,gamma_lat[4],1.12143295855264,0.526003779523785,1.00125189778306,4083.21468411383,3002.23502399223
merged,MERGED-Isite-L1S1-LL,psi_LL,0.285677671889819,0.128663863047071,0.999969336307886,3647.80880888683,3022.7575816013
merged,MERGED-Isite-L1S1-LN,beta_inc[1],0.430687977165361,0.129571451059841,1.00080275212259,5176.72512092412,2948.18414197714
merged,MERGED-Isite-L1S1-LN,beta_inc[2],0.88953812809472,0.174854286565855,1.00040582182456,4809.22159279764,2720.57185059078
merged,MERGED-Isite-L1S1-LN,beta_inc[3],0.603643834028462,0.189891175334738,1.00193537381518,4054.47868636671,2776.80661075799
merged,MERGED-Isite-L1S1-LN,beta_inc[4],0.401643659002911,0.283366336028545,1.00028244851563,4583.86784759861,3078.09850669962
merged,MERGED-Isite-L1S1-LN,beta_inc[5],0.0787714749907058,0.298375976298376,1.000998986927,4976.64014967533,2417.92884592084
merged,MERGED-Isite-L1S1-LN,beta_inc[6],0.11183665064098,0.466854864043934,1.00043635249471,4232.91321300824,2900.97183397915
merged,MERGED-Isite-L1S1-LN,delta0,10.4414881866345,1.19104606102602,0.999791643534217,2283.48571480608,2373.60639595106
merged,MERGED-Isite-L1S1-LN,gamma0,1.58514159451931,0.799461256710444,1.00070409499295,2153.54815424038,2547.84428596274
merged,MERGED-Isite-L1S1-LN,gamma_lat[1],0.134759428402269,0.542761479716415,1.00094826818454,3905.44063386414,2682.92468623479
merged,MERGED-Isite-L1S1-LN,gamma_lat[2],0.451974373143316,0.476339102069763,1.00376231298301,4266.12816091168,2852.90326075903
merged,MERGED-Isite-L1S1-LN,gamma_lat[3],-0.35100243681014,0.651829011988556,0.999965456274548,3907.79835613358,2867.28824838227
merged,MERGED-Isite-L1S1-LN,gamma_lat[4],1.12936552316119,0.526908092411588,1.00192924828365,4255.67951009909,2601.97906891793
merged,MERGED-Isite-L1S1-LN,log_sigma_LN,0.921867318580005,0.131235657269194,1.00072143905466,2231.26572970846,2517.02281929153
merged,MERGED-Isite-L1S1-W,beta_inc[1],0.430076789637266,0.131676841717802,0.999933640503727,5774.51638516664,2478.16962085848
merged,MERGED-Isite-L1S1-W,beta_inc[2],0.885619123043125,0.174672472986143,1.00141820926193,4482.08431420721,2942.20351558533
merged,MERGED-Isite-L1S1-W,beta_inc[3],0.604451722155194,0.193473318161325,1.00420019594615,6156.32758457684,2637.57278117335
merged,MERGED-Isite-L1S1-W,beta_inc[4],0.398220186265561,0.280155805180461,1.00166282521223,5592.66458474953,3330.79529857053
merged,MERGED-Isite-L1S1-W,beta_inc[5],0.0812988122337538,0.300970311413138,1.00202286652879,5282.46436772797,2878.50404256165
merged,MERGED-Isite-L1S1-W,beta_inc[6],0.100886082650475,0.481572135244814,1.00094117697925,5632.78607526582,2830.52947512446
merged,MERGED-Isite-L1S1-W,delta0,10.4324952231142,1.28575103948888,1.00039486263713,2851.06569311808,2363.9610206127
merged,MERGED-Isite-L1S1-W,gamma0,1.25333941994613,0.705586305207124,0.999821088589608,2584.03199833782,2467.2748723331
merged,MERGED-Isite-L1S1-W,gamma_lat[1],0.0226187745725381,0.508609301514854,1.00097890319335,3569.74652187997,3212.44679270133
merged,MERGED-Isite-L1S1-W,gamma_lat[2],0.423766093445528,0.440070852087254,1.00161248844845,4459.95320891781,2917.31328291031
merged,MERGED-Isite-L1S1-W,gamma_lat[3],-0.374032367445762,0.62812725292052,1.0012453503321,4169.31067857554,3010.8810173533
merged,MERGED-Isite-L1S1-W,gamma_lat[4],1.10253121914453,0.516969413759282,1.00024702421967,4000.18485371213,2881.30997190785
merged,MERGED-Isite-L1S1-W,rho_W,-0.377469454042468,0.132819262328967,1.00054801177758,4185.28119818233,2988.98796692311
merged,MERGED-L0S0-E,beta_inc[1],0.416609900012453,0.131049503137097,1.00424288217052,4074.54720821464,3333.46008804753
merged,MERGED-L0S0-E,beta_inc[2],0.783239696363372,0.169633160066094,1.00009238662869,3794.14614231593,2753.83225289764
merged,MERGED-L0S0-E,beta_inc[3],0.62218755895298306,0.18045607047655,1.00193465053688,4227.47052882145,3149.6245721137
merged,MERGED-L0S0-E,beta_inc[4],0.142465148997534,0.281359323262697,1.00044279963994,2809.45105495552,2591.65962381385
merged,MERGED-L0S0-E,beta_inc[5],0.127284381501604,0.29059505426258,0.999713397017031,4994.72107281103,3337.33672896464
merged,MERGED-L0S0-E,delta0,8.61821680923299,0.611435936021364,1.00276624829505,1363.90910190778,860.812644610908
merged,MERGED-L0S0-E,gamma0,0.73982055960105,0.485567903820917,1.00212276828527,1258.89998781384,1100.30160661483
merged,MERGED-L0S0-E,gamma_lat[1],-0.310726479334546,0.281857774282417,1.0020398834615,4072.39492131729,2577.60420298601
merged,MERGED-L0S0-E,gamma_lat[2],0.661369843137523,0.400615092037813,1.00068730726057,2765.94667750337,3061.59240136799
merged,MERGED-L0S0-LL,beta_inc[1],0.432146444347124,0.131986009927121,1.00045759619323,4155.21209705839,2550.14631115742
merged,MERGED-L0S0-LL,beta_inc[2],0.880541260295363,0.17419002018537,1.00052674827591,4508.75161791385,2466.75141149474
merged,MERGED-L0S0-LL,beta_inc[3],0.603834715967501,0.182098097661771,1.00136760140341,5091.30419883562,2986.247533562
merged,MERGED-L0S0-LL,beta_inc[4],0.402192633097765,0.281176147180557,1.0001294347552,4186.65025576522,3018.65475552774
merged,MERGED-L0S0-LL,beta_inc[5],0.0800463052251907,0.305581730773935,1.00022796745108,4518.82164099369,2872.16750347458
merged,MERGED-L0S0-LL,delta0,10.2661766296528,1.14914278690126,1.00178805907808,1787.98104012913,2278.34093552194
merged,MERGED-L0S0-LL,gamma0,2.14232483499347,0.703359855275674,1.00212533694692,1687.15087894317,2332.08276462134
merged,MERGED-L0S0-LL,gamma_lat[1],-0.329941796155052,0.423306721356696,1.00031099833156,3802.40516858746,2836.16693648238
merged,MERGED-L0S0-LL,gamma_lat[2],0.605089259954454,0.481913932330358,1.00039391846246,3014.47867301788,2929.83172992191
merged,MERGED-L0S0-LL,psi_LL,0.315058648486472,0.133201558389303,1.00107866571258,3180.27394463885,3032.11160844317
merged,MERGED-L0S0-LN,beta_inc[1],0.430617020697944,0.134505411926092,1.00271162211943,3716.75038556319,3124.45676062137
merged,MERGED-L0S0-LN,beta_inc[2],0.889587851745578,0.16862481618225,1.00049183615198,4212.98214756963,3394.34727848164
merged,MERGED-L0S0-LN,beta_inc[3],0.601323865878329,0.189987380354608,1.00079200383097,3973.90167708793,3000.38441379343
merged,MERGED-L0S0-LN,beta_inc[4],0.406552754131687,0.279689579261406,1.00023470892746,4016.71555808057,2941.58031835612
merged,MERGED-L0S0-LN,beta_inc[5],0.0856492799407466,0.29621930965568,1.00136653798277,3963.75907363019,3099.88199672441
merged,MERGED-L0S0-LN,delta0,10.3053731751416,1.15053524312276,1.00125269307724,1916.04772185534,1720.04369693867
merged,MERGED-L0S0-LN,gamma0,2.34779766379231,0.760652715857459,1.00107204686685,1852.13148323094,2101.9960474101
merged,MERGED-L0S0-LN,gamma_lat[1],-0.222089574573444,0.458437858367957,1.00192288795359,3331.25786120512,2851.151103981
merged,MERGED-L0S0-LN,gamma_lat[2],0.623854557103508,0.484318049089654,1.00057428636837,3044.03623731341,2742.96984854279
merged,MERGED-L0S0-LN,log_sigma_LN,0.95236489447733,0.130241520687857,1.0011100639711,2356.70596364582,2694.02825316223
merged,MERGED-L0S0-W,beta_inc[1],0.432123749989655,0.130902549259635,1.0002500697282,4661.48883956056,2853.84183225241
merged,MERGED-L0S0-W,beta_inc[2],0.877170400183131,0.17918528670551,0.999698018460101,4190.73986360069,2557.62934155047
merged,MERGED-L0S0-W,beta_inc[3],0.606295379142112,0.194456679898616,1.00043025684313,4314.24608982555,2547.97886164738
merged,MERGED-L0S0-W,beta_inc[4],0.376302881658763,0.290290800045058,1.00016001877666,3702.27970683482,3116.885432348
merged,MERGED-L0S0-W,beta_inc[5],0.0840480411626799,0.295444112288458,1.00223298703734,4463.83136121417,2618.83519063768
merged,MERGED-L0S0-W,delta0,10.138957889698,1.21797819089857,0.999506440840942,1929.25449708817,2167.33003427627
merged,MERGED-L0S0-W,gamma0,1.96019164025946,0.725726686408419,0.999487756463541,1940.67798110885,2252.65436813789
merged,MERGED-L0S0-W,gamma_lat[1],-0.321779541067363,0.427273572382424,1.00412069066674,4209.44785882167,2649.5260048781
merged,MERGED-L0S0-W,gamma_lat[2],0.558705491907187,0.471671883975301,1.00148500163069,3102.06762225574,2611.90474211942
merged,MERGED-L0S0-W,rho_W,-0.408837918563909,0.134914977363251,1.00095726321614,3170.36441258993,2840.97069950505
merged,MERGED-L0S1-E,beta_inc[1],0.42233169203089,0.13046639306431,1.00078528950813,5408.13901814552,3183.4166076786
merged,MERGED-L0S1-E,beta_inc[2],0.821099351064719,0.174967487814799,0.999662993435351,4772.004890663,2915.96601197331
merged,MERGED-L0S1-E,beta_inc[3],0.619193012302012,0.189446520788513,1.00043334114355,6494.13220732919,2584.49174123683
merged,MERGED-L0S1-E,beta_inc[4],0.251074010927569,0.304746449537208,1.00039392199095,3683.780302347,3186.55997093211
merged,MERGED-L0S1-E,beta_inc[5],0.132444063871696,0.29788402075867,1.00016883223291,5480.16854046216,2537.22821802378
merged,MERGED-L0S1-E,delta0,9.23250409134393,1.06466887180957,1.00223175630576,2002.20700079576,2147.8296571431
merged,MERGED-L0S1-E,gamma0,0.312934638004523,0.62313119338681,1.00106754716621,1972.65869056115,2564.47491232526
merged,MERGED-L0S1-E,gamma_lat[1],-0.0428754126670755,0.314645617542668,1.00016116001254,4040.41574277891,3081.5906415783
merged,MERGED-L0S1-E,gamma_lat[2],0.478198073834562,0.377856736919549,1.00073180224081,3769.145820166,2921.83486375193
merged,MERGED-L0S1-E,gamma_lat[3],1.08905986425968,0.424905301025553,1.00100413388497,4088.87381341237,2902.93454442025
merged,MERGED-L0S1-LL,beta_inc[1],0.431549756662931,0.13697740382066,1.00266714246759,4892.69960169268,2439.69848814177
merged,MERGED-L0S1-LL,beta_inc[2],0.885604216231989,0.178664782804726,1.00011985677134,4315.03622414397,2707.99311234697
merged,MERGED-L0S1-LL,beta_inc[3],0.60348295906007,0.187779820141091,1.00150769402834,4733.63736676748,2614.67641223688
merged,MERGED-L0S1-LL,beta_inc[4],0.402326555861445,0.28178084292262,1.00126028719327,4126.62581192344,2917.3655655638
merged,MERGED-L0S1-LL,beta_inc[5],0.0816547769620946,0.297271045048765,1.00242274348576,4515.73362898313,2747.93378116941
merged,MERGED-L0S1-LL,delta0,10.4416202951702,1.14663286064974,1.00202583865897,2649.80894300362,2311.09098608509
merged,MERGED-L0S1-LL,gamma0,1.37437678971601,0.71199984186719,1.00136425743501,2528.65901671686,2551.41397981015
merged,MERGED-L0S1-LL,gamma_lat[1],-0.12895101381394,0.420426977753365,1.00129610072213,4508.53500199744,3060.20745638678
merged,MERGED-L0S1-LL,gamma_lat[2],0.45599213689628,0.460979980633935,1.00224400952773,3805.51519275786,2685.5115031756
merged,MERGED-L0S1-LL,gamma_lat[3],1.08174821225725,0.501616756526069,1.00101842375587,4037.67274087548,3080.80361668099
merged,MERGED-L0S1-LL,psi_LL,0.276853891231211,0.132614662449812,1.00094915055571,3381.30740140991,2821.84335782214
merged,MERGED-L0S1-LN,beta_inc[1],0.427962188091698,0.132607893137067,1.00321385664248,5126.93838997395,2655.70694817293
merged,MERGED-L0S1-LN,beta_inc[2],0.889924671824954,0.169123505065015,1.00252970358676,4748.25934917424,2806.25141566892
merged,MERGED-L0S1-LN,beta_inc[3],0.604687063934556,0.192093619698379,1.00049695653762,4966.74667211306,2699.30282658917
merged,MERGED-L0S1-LN,beta_inc[4],0.41169861569258,0.283136934518142,0.999852285022563,4519.32713334018,3099.87864701116
merged,MERGED-L0S1-LN,beta_inc[5],0.0796231945802444,0.303859833555946,1.0007350234876,4866.71799032556,2385.07408509231
merged,MERGED-L0S1-LN,delta0,10.4635953381565,1.16557447152398,1.00045394368323,2582.7246258575,2453.5500938169
merged,MERGED-L0S1-LN,gamma0,1.588953430488,0.780005322692305,1.00044464073765,2606.22386225541,2664.21764932512
merged,MERGED-L0S1-LN,gamma_lat[1],-0.0239236126504916,0.451601672157531,1.00033766647837,4781.1150310865,2786.51905554076
merged,MERGED-L0S1-LN,gamma_lat[2],0.44843799023888,0.473034177638353,1.00085720743377,4094.096501614,2746.95299843342
merged,MERGED-L0S1-LN,gamma_lat[3],1.0953453994948,0.513475637048131,1.00043564427068,4129.43653778247,3166.43334077553
merged,MERGED-L0S1-LN,log_sigma_LN,0.917437579089193,0.128245100999746,1.00205007160057,3036.91828739695,2628.04055512183
merged,MERGED-L0S1-W,beta_inc[1],0.434178582951811,0.133614511558758,1.00064392929444,4137.96336399293,2859.25241858437
merged,MERGED-L0S1-W,beta_inc[2],0.883903538311171,0.1734509266187,1.00116865543158,4347.87611952907,3148.51483445175
merged,MERGED-L0S1-W,beta_inc[3],0.603528977595702,0.188562474466586,0.99995330292712,5090.25533101091,3108.1045111295
merged,MERGED-L0S1-W,beta_inc[4],0.394133055376112,0.284804882198018,1.00124206135127,4020.41297838549,2571.69580153887
merged,MERGED-L0S1-W,beta_inc[5],0.0874814834466757,0.299165436128293,1.00073852201247,4578.60053527117,3090.16045126468
merged,MERGED-L0S1-W,delta0,10.3863623287078,1.23643969592029,1.00051528216928,1901.8131917533,1795.69351549211
merged,MERGED-L0S1-W,gamma0,1.21729255521601,0.723679887138054,1.00022427327426,2007.14008621681,2238.90995374138
merged,MERGED-L0S1-W,gamma_lat[1],-0.142756145264429,0.42696428397075,1.00133063722513,3364.78829009792,2418.63117790667
merged,MERGED-L0S1-W,gamma_lat[2],0.433286825961934,0.45650345775749,1.00190169356177,3542.18732883191,2723.72605111684
merged,MERGED-L0S1-W,gamma_lat[3],1.06475787193782,0.50227374630701,0.999782879685765,3645.44915822251,2712.32116854897
merged,MERGED-L0S1-W,rho_W,-0.367986107315858,0.131885436285731,1.00171121339872,3806.16910363993,2988.46930442649
merged,MERGED-L1S0-E,beta_inc[1],0.418384870760743,0.13083240268398,1.00034400879625,3730.95068383746,2972.34152628189
merged,MERGED-L1S0-E,beta_inc[2],0.780757197504861,0.169298109719098,1.00267743109192,3849.21285660799,2772.17274682721
merged,MERGED-L1S0-E,beta_inc[3],0.61910044511165,0.184814046984452,1.00027811688403,4214.13221988286,2802.06025000472
merged,MERGED-L1S0-E,beta_inc[4],0.149746788653497,0.287681665936376,1.00184343272226,3311.36307791014,2846.5568452791
merged,MERGED-L1S0-E,beta_inc[5],0.126494393956583,0.287430428528123,1.00067298795544,4798.68990056666,2738.34570405987
merged,MERGED-L1S0-E,delta0,8.65911847788046,0.690471679342269,1.00048833542904,2163.61209276069,1234.71734361706
merged,MERGED-L1S0-E,gamma0,0.762424768326339,0.507625599701751,1.0024794760656,1795.66251305169,1422.84250363671
merged,MERGED-L1S0-E,gamma_lat[1],-0.238503188193515,0.343022719502985,1.00030214120028,3456.12804367792,2696.55394803454
merged,MERGED-L1S0-E,gamma_lat[2],0.675024451521757,0.391362034000509,1.00025332309374,2790.52494281824,2951.803720712
merged,MERGED-L1S0-E,gamma_lat[3],-0.140844838734867,0.502408075331097,1.00015029401734,3269.35512477176,2777.60517267781
merged,MERGED-L1S0-LL,beta_inc[1],0.429249974716392,0.135105337493051,0.999542329568378,4707.04473199286,2963.70826939606
merged,MERGED-L1S0-LL,beta_inc[2],0.883381534179949,0.173386953600793,1.00249980672462,4130.52669271607,2651.63857731462
merged,MERGED-L1S0-LL,beta_inc[3],0.598492271504676,0.187061942866309,1.00024700568652,4090.92895157601,3059.77196581927
merged,MERGED-L1S0-LL,beta_inc[4],0.398865648852863,0.282685743474524,1.0005876722927,4071.92776402427,3221.9811022771
merged,MERGED-L1S0-LL,beta_inc[5],0.0752279890537035,0.294672947211754,1.00049407705765,4196.41315059153,2937.24305434246
merged,MERGED-L1S0-LL,delta0,10.3079593470672,1.15289630225943,1.0003095054035,1894.12248263538,1855.86583829695
merged,MERGED-L1S0-LL,gamma0,2.18652592868207,0.723570484256565,1.0000819998537,1814.76660707432,2227.92439962992
merged,MERGED-L1S0-LL,gamma_lat[1],-0.189257440364194,0.522307521950461,0.999978034891781,3165.9554280457,2836.82862194044
merged,MERGED-L1S0-LL,gamma_lat[2],0.598296205968983,0.492029839374208,1.000363764449,2953.6653441372,2671.40993425225
merged,MERGED-L1S0-LL,gamma_lat[3],-0.289254821725843,0.634593068550829,1.00094672508336,3156.27079004969,2556.76916944513
merged,MERGED-L1S0-LL,psi_LL,0.324791630332785,0.133980961350199,1.00025693640338,2717.85180132044,3167.05104618181
merged,MERGED-L1S0-LN,beta_inc[1],0.429784725446884,0.131161521199837,1.00033123346302,5405.8711228828,3186.29725544629
merged,MERGED-L1S0-LN,beta_inc[2],0.890741871252095,0.176374610227387,1.00196337527714,4222.97876135568,2484.56736022797
merged,MERGED-L1S0-LN,beta_inc[3],0.603555841920318,0.189808182000801,1.0006318962317,4581.02271989353,2976.33466421137
merged,MERGED-L1S0-LN,beta_inc[4],0.401346356177312,0.284615775951447,1.00015015178951,4794.22313886076,2943.1751617591
merged,MERGED-L1S0-LN,beta_inc[5],0.0827138980353357,0.296574210528095,1.00161099478589,4965.7546695944,2962.95959445144
merged,MERGED-L1S0-LN,delta0,10.3098081036061,1.13637353321162,1.00253765939565,2202.19995665422,1993.82488079178
merged,MERGED-L1S0-LN,gamma0,2.34683833892249,0.765838338022314,1.00266887949932,2044.86226085376,2598.89073634853
merged,MERGED-L1S0-LN,gamma_lat[1],-0.083571627127408,0.54474733458661,1.00060864441262,4035.76410384295,3072.78629196592
merged,MERGED-L1S0-LN,gamma_lat[2],0.648411753348993,0.484572208138461,1.0019560504901,3728.93381129013,2969.04343183877
merged,MERGED-L1S0-LN,gamma_lat[3],-0.281784072098774,0.674124322625666,1.00106126116112,3744.71444127829,2790.1822667112
merged,MERGED-L1S0-LN,log_sigma_LN,0.954955103446922,0.129094653419632,1.00138147210612,2844.54010353257,2650.43455230202
merged,MERGED-L1S0-W,beta_inc[1],0.431661204813729,0.130271783966023,1.00144725268174,4080.78531802877,2900.00301088863
merged,MERGED-L1S0-W,beta_inc[2],0.8788554545078,0.177582129949857,0.999980995595857,4158.83877828799,3010.34526574
merged,MERGED-L1S0-W,beta_inc[3],0.603495040651636,0.190565178899018,1.00110058585412,3997.21728403559,2941.97886710316
merged,MERGED-L1S0-W,beta_inc[4],0.386110264664461,0.289774914886678,1.00041940546239,3362.85949442737,2934.56569831565
merged,MERGED-L1S0-W,beta_inc[5],0.0793937821113653,0.30088151687107,1.00130670665794,3841.29717558189,2721.04149480071
merged,MERGED-L1S0-W,delta0,10.1695234932441,1.17232316611148,1.00155302656319,2067.53394452285,2345.03778243757
merged,MERGED-L1S0-W,gamma0,1.99590172690546,0.697733201708199,1.00310542743604,1923.05396944239,2528.65129174004
merged,MERGED-L1S0-W,gamma_lat[1],-0.1840250683428,0.525205420529788,1.00146569111162,3070.49853035329,2587.32806835295
merged,MERGED-L1S0-W,gamma_lat[2],0.577343957269692,0.460333154316287,1.00156870539016,2934.74802235181,2804.78080791404
merged,MERGED-L1S0-W,gamma_lat[3],-0.276758665503856,0.640842182733425,1.00012508907865,3277.4292504824,2945.32440916014
merged,MERGED-L1S0-W,rho_W,-0.422914435547885,0.130748025093574,1.00040406425068,3238.84031260614,2857.51443419636
merged,MERGED-L1S1-E,beta_inc[1],0.425581564819835,0.129735582539596,1.00108748140636,5406.14146182347,2988.00861863287
merged,MERGED-L1S1-E,beta_inc[2],0.827586294238383,0.17479563484616,1.00136770123635,3959.59691926384,2881.06553117032
merged,MERGED-L1S1-E,beta_inc[3],0.618722464921471,0.186522793597707,0.999893507134468,5458.70941019818,2985.61150190006
merged,MERGED-L1S1-E,beta_inc[4],0.250883914992997,0.301473741935854,0.999819655842337,2971.50359985624,3226.93505838016
merged,MERGED-L1S1-E,beta_inc[5],0.113190109772675,0.293672822823379,1.00206080458312,4527.62475409591,2494.30123737948
merged,MERGED-L1S1-E,delta0,9.31363366690578,1.10249886119155,1.00099845451064,1668.49402621613,1836.42284852158
merged,MERGED-L1S1-E,gamma0,0.350618444943087,0.626564289665916,1.00067411734075,1693.60083740666,2585.20543141813
merged,MERGED-L1S1-E,gamma_lat[1],0.0966262252885896,0.383199063007043,1.0008058173783,2859.61655828208,2934.42146330184
merged,MERGED-L1S1-E,gamma_lat[2],0.461126918318713,0.365173410361351,1.00069662894021,3173.84665214958,2850.65545718205
merged,MERGED-L1S1-E,gamma_lat[3],-0.310756460790132,0.516647602216747,0.999896018127292,3599.55891327276,3087.13046654243
merged,MERGED-L1S1-E,gamma_lat[4],1.11925929518649,0.417414388404248,1.0017977062552,3774.14291766983,2533.29340649113
merged,MERGED-L1S1-LL,beta_inc[1],0.431152678205421,0.131877906700673,1.00043100066571,4912.06130921642,2874.24124159201
merged,MERGED-L1S1-LL,beta_inc[2],0.888323623893501,0.173654686092134,1.0010642040977,4363.15206496464,2618.93311171966
merged,MERGED-L1S1-LL,beta_inc[3],0.598604089170786,0.190719879356026,1.00005939154154,4614.65993710115,2929.10188598834
merged,MERGED-L1S1-LL,beta_inc[4],0.405857543945661,0.28045028731083,1.00100169382878,4335.88798409603,2852.7895338871
merged,MERGED-L1S1-LL,beta_inc[5],0.0783164475746505,0.306032442919951,1.00067361802676,4811.63937404163,3042.06060679467
merged,MERGED-L1S1-LL,delta0,10.4979053262327,1.1808890945613,1.00082935640061,2762.79374414073,2690.78810447989
merged,MERGED-L1S1-LL,gamma0,1.41010390448587,0.708692526298831,1.00038140178255,2484.8282677141,2603.16116413572
merged,MERGED-L1S1-LL,gamma_lat[1],0.0583780141001997,0.532593702435146,1.00084182579758,4035.5500657006,2882.39706965299
merged,MERGED-L1S1-LL,gamma_lat[2],0.462234238776085,0.457874888306618,0.999678172513504,3622.31164941229,2692.62166819728
merged,MERGED-L1S1-LL,gamma_lat[3],-0.388096642760334,0.642106755786232,1.00132577691176,4108.88562542155,2648.80822584187
merged,MERGED-L1S1-LL,gamma_lat[4],1.0796329145114,0.515053708907161,1.00251473903417,4088.34420701731,2905.85285138166
merged,MERGED-L1S1-LL,psi_LL,0.284491636848182,0.129069442840295,1.00167560850341,3690.86244226781,3124.60243425935
merged,MERGED-L1S1-LN,beta_inc[1],0.429211299320027,0.134584721542644,1.00181288129151,4570.62303504948,2876.60200763936
merged,MERGED-L1S1-LN,beta_inc[2],0.892340395751865,0.174577608993093,1.00105590124226,4899.11125642916,2665.31025724082
merged,MERGED-L1S1-LN,beta_inc[3],0.605221923459878,0.186894734544105,1.00113837790509,4861.09839208892,3167.53562201412
merged,MERGED-L1S1-LN,beta_inc[4],0.412379579757202,0.28068107404369,1.00049553645441,4175.61628489371,3301.79663889367
merged,MERGED-L1S1-LN,beta_inc[5],0.0818162666069868,0.300936763597646,1.00087661959541,3900.43769709981,2667.91312059777
merged,MERGED-L1S1-LN,delta0,10.4756118916851,1.12725290148721,1.0018200905964,2534.09370245274,1961.37523902275
merged,MERGED-L1S1-LN,gamma0,1.5661469916972801,0.77616389240276,1.00123000420253,2512.572884879,2811.15247656808
merged,MERGED-L1S1-LN,gamma_lat[1],0.133122300380651,0.553477417258089,1.00018404913663,3764.43943453978,2851.57329880861
merged,MERGED-L1S1-LN,gamma_lat[2],0.458040639802933,0.466213097996875,1.00041569398864,4255.46811960722,3299.70954685031
merged,MERGED-L1S1-LN,gamma_lat[3],-0.339894653715131,0.667352654886724,1.001268770832,4195.39108457073,2353.00613402167
merged,MERGED-L1S1-LN,gamma_lat[4],1.12403772018299,0.50758915270634,1.00078252481723,3884.68240468889,2988.28433927542
merged,MERGED-L1S1-LN,log_sigma_LN,0.917739401506377,0.129404431114415,1.00156856132583,3268.81111500434,2750.36157811856
merged,MERGED-L1S1-W,beta_inc[1],0.433675163905683,0.134268337518483,1.0014845121285,5048.75753054042,3010.68212495006
merged,MERGED-L1S1-W,beta_inc[2],0.882512879775175,0.180497814466982,1.00169984458782,4918.80843702156,2757.37885224885
merged,MERGED-L1S1-W,beta_inc[3],0.603258714136843,0.189437839774338,1.00187125419229,5850.96004185301,2720.71636625152
merged,MERGED-L1S1-W,beta_inc[4],0.396192887133642,0.275631839789808,1.00033108380325,4497.07092882309,2891.91321125728
merged,MERGED-L1S1-W,beta_inc[5],0.0836426674196977,0.30577087780046,1.00091339401952,5324.50221903597,2351.68695965564
merged,MERGED-L1S1-W,delta0,10.4257154279932,1.24326398547561,1.00169050104388,2664.03115395849,2779.27523053008
merged,MERGED-L1S1-W,gamma0,1.22601118897237,0.707933520387324,1.00075222926986,2375.52397781512,2522.61590550975
merged,MERGED-L1S1-W,gamma_lat[1],0.0462200002576992,0.521883198930432,1.00039790887322,3572.27647908997,3052.26101880741
merged,MERGED-L1S1-W,gamma_lat[2],0.437562767040785,0.452186407629774,1.00258884680997,3738.6216874697,3014.18303211087
merged,MERGED-L1S1-W,gamma_lat[3],-0.386866468069586,0.627676003550162,1.00289022746054,3254.66143815983,2926.59050667782
merged,MERGED-L1S1-W,gamma_lat[4],1.09076145218055,0.49438638410673,1.00024499228892,4068.04741426071,2971.36597797524
merged,MERGED-L1S1-W,rho_W,-0.374065903165389,0.131658092853406,0.999918972389582,4010.58150130675,3079.64830094917
PNU,PNU-L0-E,beta_inc[1],0.414427336863732,0.132622401307243,1.00105732234918,6076.18745072193,2818.49476380098
PNU,PNU-L0-E,beta_inc[2],0.91636998285533,0.175844734863938,1.0022219686074,6481.06323695429,2892.66161854044
PNU,PNU-L0-E,beta_inc[3],0.61191692727607,0.191792488348196,1.0008158399195,6912.66899360713,3186.28317827051
PNU,PNU-L0-E,beta_inc[4],0.3984234871221,0.274967500965395,1.0006635559295,6245.80333353829,2939.57237319999
PNU,PNU-L0-E,beta_inc[5],0.0756827275149622,0.293099257579852,1.00055657159847,5908.60911794658,3294.93608461
PNU,PNU-L0-E,delta0,8.61643285600961,1.06773076493139,1.00146970348228,2717.69661911058,2254.80820956509
PNU,PNU-L0-E,gamma0,-0.233266534152027,0.678821208834645,1.00059798748335,2664.84846191759,3104.9966744069
PNU,PNU-L0-E,gamma_lat[1],0.214327499099657,0.52028483584879,1.000124121426,3444.04515696617,2619.24759052077
PNU,PNU-L0-E,gamma_lat[2],0.792257524474798,0.608935417435685,1.00068215583507,5151.66101534141,3169.81248659006
PNU,PNU-L0-LL,beta_inc[1],0.413947275395787,0.132963320462217,0.99996599931807,6880.40387664484,2990.2496084569502
PNU,PNU-L0-LL,beta_inc[2],0.923793681945186,0.167350091818266,1.0011434022834,5265.61480366051,2755.94327572045
PNU,PNU-L0-LL,beta_inc[3],0.612851647033608,0.189105962241046,1.00030861875373,5858.94713005936,2902.20331778536
PNU,PNU-L0-LL,beta_inc[4],0.414597932996507,0.273295917278036,1.00131432252935,4815.26036230366,2706.59963397401
PNU,PNU-L0-LL,beta_inc[5],0.0805246859635423,0.291841217136964,1.00089423651971,6248.92069597779,2794.07010427863
PNU,PNU-L0-LL,delta0,9.00121407685544,1.17004532781913,1.00130402790551,2138.04860798578,2064.6784635743
PNU,PNU-L0-LL,gamma0,0.289661273446612,1.05334232455395,1.00102974622438,2115.61821489588,2651.50978842989
PNU,PNU-L0-LL,gamma_lat[1],0.214365157510746,0.714862457817741,1.00083232091185,3887.6948144769,3115.64599140594
PNU,PNU-L0-LL,gamma_lat[2],0.724494139355657,0.725688212308197,1.00286973142107,4496.42797350626,2768.85020234561
PNU,PNU-L0-LL,psi_LL,0.215360419002724,0.289600580403811,1.00261210624064,2825.14960274927,2640.74391165287
PNU,PNU-L0-LN,beta_inc[1],0.411658788724311,0.134402530585649,1.00245400998095,5722.54174565272,3153.28708550584
PNU,PNU-L0-LN,beta_inc[2],0.916758475467454,0.178212621669262,0.999675088626801,5423.47186660775,2972.78461545541
PNU,PNU-L0-LN,beta_inc[3],0.605690896713293,0.197844440063285,0.999526790170255,4812.99733221487,2914.28118511907
PNU,PNU-L0-LN,beta_inc[4],0.406106434495072,0.271714130825367,1.00135651411582,4610.55651435232,3166.33960183063
PNU,PNU-L0-LN,beta_inc[5],0.0738535624176424,0.301091190854973,1.00035381527927,4725.34627295399,2846.60198050698
PNU,PNU-L0-LN,delta0,8.9205376577519,1.16899581611328,1.00117267935486,1956.24704695242,1838.94603684504
PNU,PNU-L0-LN,gamma0,0.244856865283753,1.05941040341889,1.00232879146168,1758.14605704073,2455.60885111846
PNU,PNU-L0-LN,gamma_lat[1],0.283784533981012,0.693649641177255,1.00044208410138,3360.48339105904,2422.2112973772
PNU,PNU-L0-LN,gamma_lat[2],0.653756733042733,0.719007358714036,1.00064127131288,4415.34422641608,3115.54034642093
PNU,PNU-L0-LN,log_sigma_LN,0.746844436856261,0.279296372568803,1.00064746639999,2144.955655241,2645.74858509074
PNU,PNU-L0-W,beta_inc[1],0.415917570301951,0.128959892961606,1.00229185289275,6830.32722077323,2989.44417182212
PNU,PNU-L0-W,beta_inc[2],0.917705211938798,0.173171243962899,0.999890324741291,7479.6666012455,3184.8089184305
PNU,PNU-L0-W,beta_inc[3],0.610439368293708,0.192646246325883,0.99994448334142,6363.06601024738,3102.09800953543
PNU,PNU-L0-W,beta_inc[4],0.419135798009794,0.272602396987617,1.00016278264097,6019.45914596719,2722.13137412386
PNU,PNU-L0-W,beta_inc[5],0.0748269761026125,0.305153219966663,1.00107640029737,7354.31489919281,2924.86196190955
PNU,PNU-L0-W,delta0,9.0207026332743,1.1792839246788,1.00093675699776,2914.93845480176,2509.34569863198
PNU,PNU-L0-W,gamma0,0.262304438217009,0.942844319590553,1.00058286690418,2381.43399952186,2799.95672841424
PNU,PNU-L0-W,gamma_lat[1],0.0787757942820815,0.674979631950197,1.0002489494554,4135.43090136808,2931.1393226775
PNU,PNU-L0-W,gamma_lat[2],0.73522126053832,0.70798292871657,1.00279025780659,4800.89884549934,2850.03469421401
PNU,PNU-L0-W,rho_W,-0.369639572827148,0.266049597722425,1.00231921910492,4041.47093793879,3122.67402301722
PNU,PNU-L1-E,beta_inc[1],0.414982015234225,0.133639435300825,1.00099641880451,6027.1197117624,2801.68644495424
PNU,PNU-L1-E,beta_inc[2],0.913165923595122,0.168744625285586,1.0006123721266,6879.32080993617,3203.05402177089
PNU,PNU-L1-E,beta_inc[3],0.613389624100451,0.187740883530502,1.00034994370025,6091.14067490667,3081.33873996013
PNU,PNU-L1-E,beta_inc[4],0.40529699828741,0.276541564378266,1.00049599171176,5940.51913024871,3187.20239725252
PNU,PNU-L1-E,beta_inc[5],0.0792648737201317,0.300541329717446,1.00172454965654,6449.61785521886,2897.81727327767
PNU,PNU-L1-E,delta0,8.68873502963873,1.05402230840606,1.00025399992129,2516.91633314775,2381.02351158858
PNU,PNU-L1-E,gamma0,-0.205814115105254,0.673887895400989,1.00053505666038,2609.02128242703,2934.34194861115
PNU,PNU-L1-E,gamma_lat[1],0.266931859726032,0.53886754813396,1.00028311072148,4036.04477990059,3083.98327280381
PNU,PNU-L1-E,gamma_lat[2],0.822605778273375,0.609780674378707,1.00184046720338,4575.71340418414,3019.45877245233
PNU,PNU-L1-E,gamma_lat[3],-0.464010149627012,0.799402385562367,1.00171395803502,6408.71263776472,2874.76478751635
PNU,PNU-L1-LL,beta_inc[1],0.412472022651993,0.128327202748948,1.00098533886378,6833.99330572684,3138.60013769052
PNU,PNU-L1-LL,beta_inc[2],0.921579839775687,0.173535185275844,1.00150809861246,6324.25312771836,3167.89400074954
PNU,PNU-L1-LL,beta_inc[3],0.606210630952384,0.188919819695545,1.00107916871023,6311.44855147699,3069.9230185063702
PNU,PNU-L1-LL,beta_inc[4],0.415860176496409,0.266150024650963,1.00034994245872,5137.64039062514,2925.08096284657
PNU,PNU-L1-LL,beta_inc[5],0.0696307153266709,0.296595786315382,1.00201646110564,8062.30524528098,2720.77318116035
PNU,PNU-L1-LL,delta0,9.04659661235319,1.17297584443778,1.00053358167641,2659.02631330051,2230.33347983572
PNU,PNU-L1-LL,gamma0,0.294044648706864,1.00651310678742,1.00044698027148,2365.27694006384,2516.10356820218
PNU,PNU-L1-LL,gamma_lat[1],0.259121970321188,0.716991424621308,1.0002013014625,4201.65471078612,2808.27182809163
PNU,PNU-L1-LL,gamma_lat[2],0.745386147844032,0.714626553766211,1.00031329476352,5143.44156403553,2741.71567335061
PNU,PNU-L1-LL,gamma_lat[3],-0.333198902379348,0.89931894617374,1.00020953345408,5561.61980566834,3033.2506025507
PNU,PNU-L1-LL,psi_LL,0.219026509954665,0.281070238536286,1.00033115021284,3097.46468311228,2620.00953499068
PNU,PNU-L1-LN,beta_inc[1],0.413608603640863,0.132705976335491,1.00065804388474,6880.4406742623,2768.95496111132
PNU,PNU-L1-LN,beta_inc[2],0.917253954366777,0.177962811244807,1.00424438469042,6192.37655689587,2410.03079122364
PNU,PNU-L1-LN,beta_inc[3],0.613594851512753,0.192434757334513,1.00122404811022,6321.61067151907,3130.58165169322
PNU,PNU-L1-LN,beta_inc[4],0.415376519522745,0.271994669442313,1.00231359547208,6002.91555718023,3058.71836374818
PNU,PNU-L1-LN,beta_inc[5],0.0750516755433241,0.301693804408669,1.00275544724595,6428.80008703318,2832.11671986448
PNU,PNU-L1-LN,delta0,8.97293090133401,1.11264265316065,1.00229484504472,2502.96250690697,2159.76157981986
PNU,PNU-L1-LN,gamma0,0.292704975677168,1.04360935726406,1.00168895131788,2610.20607398848,3076.88887070733
PNU,PNU-L1-LN,gamma_lat[1],0.33058486978019,0.726582601394187,0.999810401723239,4724.46664049542,3007.02074580523
PNU,PNU-L1-LN,gamma_lat[2],0.673006294856415,0.709637317207397,1.00205608905587,5390.97599682316,2830.69473626119
PNU,PNU-L1-LN,gamma_lat[3],-0.29105475614654,0.89919217910066,1.00080323002348,6117.25486338559,2793.18186872473
PNU,PNU-L1-LN,log_sigma_LN,0.753322237838376,0.268552827140014,1.00007664914707,2833.55753648637,3093.38932358032
PNU,PNU-L1-W,beta_inc[1],0.417959539852548,0.130871837356617,1.00049241562287,5020.63792045621,2566.51430572152
PNU,PNU-L1-W,beta_inc[2],0.917737102830411,0.179251226993978,1.00032476764664,5591.84308426722,3093.25758276941
PNU,PNU-L1-W,beta_inc[3],0.605480120581026,0.185413257927384,0.99964713792022,5710.52235596816,3246.80703371218
PNU,PNU-L1-W,beta_inc[4],0.422377901885472,0.269515608375056,1.00130389753443,5054.37969404431,2769.83863586526
PNU,PNU-L1-W,beta_inc[5],0.0704268479275745,0.304145118224293,1.00092135623535,5299.15448296844,2999.45744210709
PNU,PNU-L1-W,delta0,9.09264095327218,1.20188628189627,1.00172599836244,2686.71820362174,2313.01764118048
PNU,PNU-L1-W,gamma0,0.30945339758154,0.930987387596884,1.00089685645017,2096.96782738246,2471.89675193045
PNU,PNU-L1-W,gamma_lat[1],0.114623967535354,0.681156615145056,1.00035747906241,3749.20419093031,2657.23102149557
PNU,PNU-L1-W,gamma_lat[2],0.731434657408522,0.707653317409728,1.00153505797398,3953.62364129989,2916.52688827554
PNU,PNU-L1-W,gamma_lat[3],-0.385948392322325,0.862591856966239,1.00257428552212,4808.95758875114,3275.1494548495
PNU,PNU-L1-W,rho_W,-0.378188044658344,0.262588650916634,1.0007516042687301,3614.25951668296,2569.5926790571
SNU,SNU-L0-E,beta_inc[1],0.42504142003226,0.13204995457151,1.00080041414538,5232.9575518656,2964.91865701006
SNU,SNU-L0-E,beta_inc[2],0.826651952867461,0.182441712305821,1.00120485756617,3516.55547492358,3007.88752087936
SNU,SNU-L0-E,beta_inc[3],0.602762163012232,0.187901972254602,1.00063771396292,4929.8125092075,3176.73135863288
SNU,SNU-L0-E,beta_inc[4],0.301563969816222,0.291885804554581,1.0013772069798,3500.15815587017,3188.65726389731
SNU,SNU-L0-E,beta_inc[5],0.0910509983383215,0.295036510170735,1.00190221033959,4847.82114242302,3365.38016868784
SNU,SNU-L0-E,delta0,9.45912587557116,1.29206444336694,1.00382635557346,1877.13326014767,2492.62334658906
SNU,SNU-L0-E,gamma0,1.68317126055797,0.695716885910589,1.0045922001014,1749.84966829574,2944.98902533084
SNU,SNU-L0-E,gamma_lat[1],-0.00299103026631727,0.389718575258243,1.0000790030654,5116.80266194993,2949.59368128244
SNU,SNU-L0-E,gamma_lat[2],0.241087598118112,0.435621544035613,1.0008877882416,2890.94122123305,2963.60184962114
SNU,SNU-L0-LL,beta_inc[1],0.429488878316876,0.130515778302487,1.00143938448053,4606.40549451485,3324.49934722011
SNU,SNU-L0-LL,beta_inc[2],0.879680472681232,0.176881345090594,1.00058827747971,4438.52197622715,2993.39887216855
SNU,SNU-L0-LL,beta_inc[3],0.596726098164149,0.189700391378444,1.00020076883715,5011.31483414277,3025.75627073073
SNU,SNU-L0-LL,beta_inc[4],0.42177133455365,0.279172644088478,0.999681677627801,4407.15664778098,2884.46509941544
SNU,SNU-L0-LL,beta_inc[5],0.0619617065246661,0.299140680394534,1.00126662701038,4375.88507463726,2905.2121191552
SNU,SNU-L0-LL,delta0,10.4636127888498,1.27108078463225,1.00059809288248,2345.56944131297,2222.7338276273
SNU,SNU-L0-LL,gamma0,2.64993517979318,0.713852101625359,1.00120198284976,2246.42506232602,2271.11559160328
SNU,SNU-L0-LL,gamma_lat[1],-0.0225602774263494,0.480897592084403,1.00107746635704,4688.81670682687,2873.34496330025
SNU,SNU-L0-LL,gamma_lat[2],0.212379963727857,0.521399173990361,1.00235324303833,3447.5106723533,2924.39893947091
SNU,SNU-L0-LL,psi_LL,0.264099773278977,0.148885001954962,1.00026105657731,3308.43365720277,2685.75310561691
SNU,SNU-L0-LN,beta_inc[1],0.432515127768217,0.132449869835834,1.00017526743441,4429.12225853847,2813.60008845728
SNU,SNU-L0-LN,beta_inc[2],0.885647164843089,0.174713048124625,1.00055893947937,4691.92322796401,2994.0912274816
SNU,SNU-L0-LN,beta_inc[3],0.59404353117045,0.195580832463649,1.00075214785978,5380.59947674689,3089.44475157537
SNU,SNU-L0-LN,beta_inc[4],0.412947814395717,0.275532464273425,1.0003765569778,4155.8826139886,3304.37639110979
SNU,SNU-L0-LN,beta_inc[5],0.0776846449665179,0.298541366426803,1.00063809334644,4853.87613479141,2997.55721264608
SNU,SNU-L0-LN,delta0,10.4338401527792,1.19429126797118,1.0021770359282,1917.10452913668,2235.63278014537
SNU,SNU-L0-LN,gamma0,2.86206024869055,0.763542582963693,1.00356291419174,1646.68520044314,2138.56241014429
SNU,SNU-L0-LN,gamma_lat[1],0.0554632225298539,0.49825590007142,1.0021996190667,4728.60233778571,3004.98790954241
SNU,SNU-L0-LN,gamma_lat[2],0.220998565722021,0.531585081420503,1.00115492685416,3527.11321652918,2901.22447179002
SNU,SNU-L0-LN,log_sigma_LN,0.910622127364113,0.138531608132089,1.00137286115914,2193.14695391065,2286.70167433733
SNU,SNU-L0-W,beta_inc[1],0.427464540628208,0.130249145069396,1.00095688669108,4539.28810130772,2857.37709942355
SNU,SNU-L0-W,beta_inc[2],0.868161319053661,0.176093262979569,1.00064024231936,4433.33071081302,3120.12510439721
SNU,SNU-L0-W,beta_inc[3],0.594772927018605,0.188145935369043,0.999616816701979,4579.51495779602,3214.74146674858
SNU,SNU-L0-W,beta_inc[4],0.403607230536447,0.290634342762777,1.00097331326848,3437.37927466871,2601.75210000876
SNU,SNU-L0-W,beta_inc[5],0.0732823778340009,0.30010074611591,1.00026179279644,4742.43064970639,2728.13647567967
SNU,SNU-L0-W,delta0,10.2800777020705,1.27428131417661,1.00053230688759,2495.95186100033,2714.96484965466
SNU,SNU-L0-W,gamma0,2.43657220797406,0.710468375800003,1.00104619072331,2050.07164024159,1858.62811966548
SNU,SNU-L0-W,gamma_lat[1],0.0541940710473768,0.461214793805826,0.999845777754952,3711.94757929805,2619.0888798721
SNU,SNU-L0-W,gamma_lat[2],0.198983290253309,0.503604879458142,1.0002923865386,3304.28413988187,2744.47541117517
SNU,SNU-L0-W,rho_W,-0.351962976123377,0.151089509103217,1.00039299505777,2928.76088743633,2392.85164537212
SNU,SNU-L1-E,beta_inc[1],0.429417933501778,0.129215023549452,1.00164599986724,5046.92002818927,3081.50095604931
SNU,SNU-L1-E,beta_inc[2],0.841570446314601,0.181717439672641,1.00075898580236,3513.53127342731,2580.18262578665
SNU,SNU-L1-E,beta_inc[3],0.599298693909305,0.18804554946816401,1.00290930450874,5321.71785351606,3090.583646508
SNU,SNU-L1-E,beta_inc[4],0.33087671921278,0.300162130003143,1.00051529708743,3660.99008941913,2830.34431918462
SNU,SNU-L1-E,beta_inc[5],0.0893519651257068,0.291114347887312,1.00028415992587,5545.42834442278,2807.6541495086
SNU,SNU-L1-E,delta0,9.64853931475189,1.32378507083241,0.999947856321959,1703.86093444466,2233.31352292741
SNU,SNU-L1-E,gamma0,1.8164862315776,0.708627754846894,1.00152518974789,1637.64455658917,2742.88217417705
SNU,SNU-L1-E,gamma_lat[1],0.25091342818531,0.576790050447485,1.00168844233523,2236.84372663745,1942.59277566736
SNU,SNU-L1-E,gamma_lat[2],0.203817540440349,0.428533310598422,1.00063211036742,2877.80737965529,2797.04424792894
SNU,SNU-L1-E,gamma_lat[3],-0.375695554091571,0.647060521612205,1.00068015311427,2701.11788331528,2318.65616201227
SNU,SNU-L1-LL,beta_inc[1],0.431399159651186,0.1372942195605,1.00138323375891,5169.98410256508,2630.98238113187
SNU,SNU-L1-LL,beta_inc[2],0.881344285751103,0.172833348665993,1.00311219987631,4935.92666428908,3095.90152279788
SNU,SNU-L1-LL,beta_inc[3],0.594787876660334,0.193155765064067,1.002592883397,5102.00348627557,2742.49562869943
SNU,SNU-L1-LL,beta_inc[4],0.414628411065324,0.280456500896635,1.00163459397409,4792.29337292968,3015.39490275948
SNU,SNU-L1-LL,beta_inc[5],0.0686781097516474,0.298249989029974,1.00071712894233,4497.05939533682,2569.29163891249
SNU,SNU-L1-LL,delta0,10.4205524460811,1.22377308196043,1.00163170340285,2673.58644049231,2529.30836018818
SNU,SNU-L1-LL,gamma0,2.64891431320755,0.715597514034385,1.00035607232738,2407.11143062937,2189.17527575489
SNU,SNU-L1-LL,gamma_lat[1],0.22028875268752,0.615601812022198,1.00111858787528,3764.90008694698,2900.75913499718
SNU,SNU-L1-LL,gamma_lat[2],0.225845084841499,0.521313102187026,1.00358926581902,3653.17513580492,2768.5891631886
SNU,SNU-L1-LL,gamma_lat[3],-0.373242454417207,0.699359772022591,1.00060671900215,3591.8502774887,3223.08359690012
SNU,SNU-L1-LL,psi_LL,0.264814139974455,0.147234146011028,1.00177163197966,3426.99122098925,2773.49833619139
SNU,SNU-L1-LN,beta_inc[1],0.43145125556906,0.133389213893594,1.00037809798621,4457.15773890019,2975.01390992103
SNU,SNU-L1-LN,beta_inc[2],0.886254162458246,0.173593143484356,0.999824985312685,3962.8205869936,2923.96234100164
SNU,SNU-L1-LN,beta_inc[3],0.598161147836284,0.192563296060208,1.00099548804439,4640.53237039257,3228.71235276754
SNU,SNU-L1-LN,beta_inc[4],0.417810922353746,0.278272136576727,1.00318749214151,4024.83828914576,2967.09505086814
SNU,SNU-L1-LN,beta_inc[5],0.0685922110844513,0.300793273727281,0.999473922459974,4318.03409510358,2930.06041913355
SNU,SNU-L1-LN,delta0,10.4494457436173,1.22864589942395,1.0013402497475,2193.24222546018,2331.4433989085
SNU,SNU-L1-LN,gamma0,2.88311231445294,0.790099255402245,1.00085035081723,1801.74771318334,2503.67305681007
SNU,SNU-L1-LN,gamma_lat[1],0.257010179665835,0.657807617126046,1.00023458304752,3032.81481517634,2866.41668089173
SNU,SNU-L1-LN,gamma_lat[2],0.224768655690173,0.54120485637027,1.00565988828365,3363.95585687602,2883.02470696908
SNU,SNU-L1-LN,gamma_lat[3],-0.340711268971371,0.71227377844619,1.00093571744072,2930.03591116603,2962.82438882208
SNU,SNU-L1-LN,log_sigma_LN,0.911575298956414,0.139480730170517,1.00094284992703,2430.25030241764,2758.51185972243
SNU,SNU-L1-W,beta_inc[1],0.43096210869083,0.136544291330666,0.999442231070404,5947.48636377108,2326.04072147804
SNU,SNU-L1-W,beta_inc[2],0.879773466557885,0.173415900525819,1.00105933428763,4620.25019470189,2820.80613952051
SNU,SNU-L1-W,beta_inc[3],0.597660650425813,0.192872048650269,1.00108668991838,5793.7744169035705,3012.5779339662
SNU,SNU-L1-W,beta_inc[4],0.412380677507338,0.285512513099199,1.00071793750083,5459.72272080761,3028.13319904588
SNU,SNU-L1-W,beta_inc[5],0.064435625800311,0.30040329454337,0.999997464955751,4935.68657083645,2496.69495541343
SNU,SNU-L1-W,delta0,10.3921110426164,1.27610148934464,1.00159518164659,2364.37641599625,2247.01181633152
SNU,SNU-L1-W,gamma0,2.49914265322576,0.669131894516774,1.00182447290506,2372.81077513683,1843.60973513096
SNU,SNU-L1-W,gamma_lat[1],0.314009153134378,0.612802017670916,1.00139490889688,3516.02881172359,2724.45221327942
SNU,SNU-L1-W,gamma_lat[2],0.195217844567195,0.486914191324465,0.999616173002526,3560.56100571443,2922.80740479978
SNU,SNU-L1-W,gamma_lat[3],-0.454488878874949,0.689425256633905,1.00172921507035,3765.16880762887,2647.08516849574
SNU,SNU-L1-W,rho_W,-0.352860364905874,0.149801228700119,1.00227482912743,4627.86177928557,2941.70460540004
