dataset,model_id,parameter,mean,sd,q025,q50,q975
merged,MERGED-Isite-L0S0-E,beta_inc[1],0.412836939377474,0.129747507521129,0.157027523706409,0.41222054809791697,0.667974601996343
merged,MERGED-Isite-L0S0-E,beta_inc[2],0.768824589043657,0.167953267207937,0.448787893961371,0.766934918536627,1.11746114005561
merged,MERGED-Isite-L0S0-E,beta_inc[3],0.623020984539431,0.182881776904073,0.258312079009137,0.623311024071828,0.976620092560893
merged,MERGED-Isite-L0S0-E,beta_inc[4],0.130493643772749,0.272943756402621,-0.37756821244779,0.119356983824374,0.699074724250298
merged,MERGED-Isite-L0S0-E,beta_inc[5],0.136835682651026,0.296731019101249,-0.431962080608777,0.132585095134055,0.724140235059233
merged,MERGED-Isite-L0S0-E,beta_inc[6],-0.437311961710339,0.403774407122986,-1.24519659137692,-0.433793378923405,0.354931856757199
merged,MERGED-Isite-L0S0-E,delta0,8.9229266327386,0.597353109136351,7.96136663775603,8.85769167535356,10.2831664780239
merged,MERGED-Isite-L0S0-E,gamma0,0.703293079465429,0.429570394745568,0.0233454742422454,0.649576369671668,1.72874095642078
merged,MERGED-Isite-L0S0-E,gamma_lat[1],-0.293023183684048,0.290079953435361,-0.827835861581205,-0.302710730129513,0.319206099572213
merged,MERGED-Isite-L0S0-E,gamma_lat[2],0.643922866008661,0.384102273945027,-0.102066873626916,0.640053489161734,1.38192094063237
merged,MERGED-Isite-L0S0-LL,beta_inc[1],0.42825779888948,0.132627223372681,0.169583676744401,0.42774099402377,0.688930710645126
merged,MERGED-Isite-L0S0-LL,beta_inc[2],0.877361223359564,0.180014922157477,0.529680600321749,0.877309551174748,1.2281392660083
merged,MERGED-Isite-L0S0-LL,beta_inc[3],0.60581225244183,0.192394591779417,0.23494976507829,0.603079728361594,0.994869547515734
merged,MERGED-Isite-L0S0-LL,beta_inc[4],0.394513512170267,0.279594568611634,-0.168187248593045,0.397463321514212,0.942134037389199
merged,MERGED-Isite-L0S0-LL,beta_inc[5],0.0768803736254336,0.290478561198175,-0.497590304486051,0.0820434487923137,0.640889056342685
merged,MERGED-Isite-L0S0-LL,beta_inc[6],-0.0893442725286816,0.478472613183711,-1.02946897809479,-0.101853050590614,0.852098181066233
merged,MERGED-Isite-L0S0-LL,delta0,10.3780567748517,1.1581372243613,8.62087752157303,10.2007973324089,13.2546654982944
merged,MERGED-Isite-L0S0-LL,gamma0,2.14266936586274,0.729086706602217,0.572250616358241,2.21096876510588,3.42330754040475
merged,MERGED-Isite-L0S0-LL,gamma_lat[1],-0.329051402662948,0.441975891726957,-1.18138265118688,-0.341660573477627,0.550267915212332
merged,MERGED-Isite-L0S0-LL,gamma_lat[2],0.590243864291875,0.4755726886356,-0.304056150401832,0.583605774216599,1.53079757579422
merged,MERGED-Isite-L0S0-LL,psi_LL,0.312808622696703,0.138096763582192,0.0474583614205661,0.313648692834969,0.589795873295013
merged,MERGED-Isite-L0S0-LN,beta_inc[1],0.43132372930412,0.134790396991698,0.168668511738726,0.430578292299576,0.693562334894692
merged,MERGED-Isite-L0S0-LN,beta_inc[2],0.886981642815566,0.176922425537422,0.535363926187896,0.889484667401435,1.22501548807058
merged,MERGED-Isite-L0S0-LN,beta_inc[3],0.607588446588636,0.189774837645859,0.238304303589044,0.608063494315282,0.97065791661131
merged,MERGED-Isite-L0S0-LN,beta_inc[4],0.399282913571091,0.27589989745777,-0.148302886735078,0.404627260531591,0.927759213578715
merged,MERGED-Isite-L0S0-LN,beta_inc[5],0.0833352354643975,0.296197201276075,-0.485047780749832,0.0786043986633539,0.655140474910526
merged,MERGED-Isite-L0S0-LN,beta_inc[6],-0.0802907521172067,0.479426995503641,-0.980181966038478,-0.0925331272469247,0.897634448663928
merged,MERGED-Isite-L0S0-LN,delta0,10.3463887239664,1.10701647456904,8.67308461411559,10.2130713710567,12.9148175409908
merged,MERGED-Isite-L0S0-LN,gamma0,2.30970737072278,0.773640226417684,0.69025636536229,2.35660313683054,3.72926868385623
merged,MERGED-Isite-L0S0-LN,gamma_lat[1],-0.227668826365598,0.450972647395259,-1.09081905075489,-0.241675153611179,0.700632871184663
merged,MERGED-Isite-L0S0-LN,gamma_lat[2],0.627236631683436,0.481664121017779,-0.265624780014455,0.628480034888215,1.60118278817465
merged,MERGED-Isite-L0S0-LN,log_sigma_LN,0.943304171906548,0.132701508303662,0.668157250164317,0.948847623351339,1.19689966657639
merged,MERGED-Isite-L0S0-W,beta_inc[1],0.431253150158903,0.135687387261772,0.166732227159843,0.432282202425796,0.695832077540422
merged,MERGED-Isite-L0S0-W,beta_inc[2],0.871214243110479,0.176887726103265,0.523009874840772,0.871229644923612,1.22105836271149
merged,MERGED-Isite-L0S0-W,beta_inc[3],0.603684760709251,0.186545384067688,0.242656272053315,0.604683479699523,0.96627619321602
merged,MERGED-Isite-L0S0-W,beta_inc[4],0.372921208539492,0.28757738107736,-0.195466429612035,0.383808731898486,0.918288035855827
merged,MERGED-Isite-L0S0-W,beta_inc[5],0.0873410197013478,0.306044188399206,-0.50860482108546,0.0887675133326647,0.678186223674457
merged,MERGED-Isite-L0S0-W,beta_inc[6],-0.11566151158774,0.475435926254079,-1.01315134591473,-0.113382617358593,0.826373068784223
merged,MERGED-Isite-L0S0-W,delta0,10.1871660075627,1.15102678741038,8.38933869975395,10.027080714728,13.0222813636879
merged,MERGED-Isite-L0S0-W,gamma0,1.90804795384558,0.737030955419532,0.35440421617954,1.98820752998199,3.20297725478211
merged,MERGED-Isite-L0S0-W,gamma_lat[1],-0.315826397233332,0.422968227467504,-1.1313857407017,-0.31380630444971,0.542746530881804
merged,MERGED-Isite-L0S0-W,gamma_lat[2],0.577760968447226,0.463680099744762,-0.322224832881608,0.572778635443562,1.48738696888589
merged,MERGED-Isite-L0S0-W,rho_W,-0.403821745585013,0.132336536811444,-0.664903459527947,-0.404681112392816,-0.146380589368355
merged,MERGED-Isite-L0S1-E,beta_inc[1],0.421624622154964,0.134035461113405,0.158091643162982,0.419682207243587,0.680890621179154
merged,MERGED-Isite-L0S1-E,beta_inc[2],0.827085119385538,0.181133717146874,0.484632409238495,0.82467443585735,1.19842245257175
merged,MERGED-Isite-L0S1-E,beta_inc[3],0.617722037972096,0.182639265843256,0.257342366772284,0.617955736147741,0.97898808538835
merged,MERGED-Isite-L0S1-E,beta_inc[4],0.268037767853018,0.29423045301176,-0.292348186430255,0.264651235148544,0.85880568809006
merged,MERGED-Isite-L0S1-E,beta_inc[5],0.116040782768757,0.290468418577632,-0.437367088275765,0.116652098339252,0.683955659575867
merged,MERGED-Isite-L0S1-E,beta_inc[6],0.0322748060237043,0.462766960047885,-0.853844484730049,0.0278797109379933,0.93887365530090106
merged,MERGED-Isite-L0S1-E,delta0,9.36737723803247,1.17712366580376,7.8142214950582,9.08119706428283,12.3631280005205
merged,MERGED-Isite-L0S1-E,gamma0,0.38550623048751,0.636547362087253,-0.85748415512305,0.419252853593525,1.55265969139152
merged,MERGED-Isite-L0S1-E,gamma_lat[1],-0.0674872492552037,0.322092945403271,-0.655962439469325,-0.0737180672051606,0.579429392051745
merged,MERGED-Isite-L0S1-E,gamma_lat[2],0.458403871499039,0.378886880653484,-0.264229383002734,0.445612012792541,1.22221634990072
merged,MERGED-Isite-L0S1-E,gamma_lat[3],1.09622194954654,0.46397798461681,0.129391829136958,1.10092353784126,1.97873595865356
merged,MERGED-Isite-L0S1-LL,beta_inc[1],0.427640059589387,0.131391790592472,0.165788519383832,0.428746423235084,0.695409901920116
merged,MERGED-Isite-L0S1-LL,beta_inc[2],0.890024253383267,0.180192224246256,0.542465105717241,0.888839090080261,1.24127377418227
merged,MERGED-Isite-L0S1-LL,beta_inc[3],0.605091779529739,0.184447982752142,0.241990963909203,0.604457743755718,0.964948013712282
merged,MERGED-Isite-L0S1-LL,beta_inc[4],0.412675905081893,0.280091841979258,-0.137156251835088,0.408794195432759,0.968215831358736
merged,MERGED-Isite-L0S1-LL,beta_inc[5],0.0727690119261518,0.296679860616507,-0.499185455456622,0.0709600242694762,0.678059477005827
merged,MERGED-Isite-L0S1-LL,beta_inc[6],0.119009559346032,0.478135947361296,-0.807468745673449,0.114536825100608,1.06129262965336
merged,MERGED-Isite-L0S1-LL,delta0,10.4522795309323,1.22548075818991,8.51718814511604,10.2606584383825,13.4386412909969
merged,MERGED-Isite-L0S1-LL,gamma0,1.40459992663187,0.723868007832154,-0.104128628338835,1.42968082765878,2.80990214274863
merged,MERGED-Isite-L0S1-LL,gamma_lat[1],-0.139580368394979,0.420293106375226,-0.947742683591071,-0.141628347429003,0.698369788992854
merged,MERGED-Isite-L0S1-LL,gamma_lat[2],0.435609346401172,0.451873181501465,-0.437431781447571,0.429056566332124,1.35151167262915
merged,MERGED-Isite-L0S1-LL,gamma_lat[3],1.09585714543357,0.502478794917343,0.099601705380395,1.10282662058594,2.09694764014599
merged,MERGED-Isite-L0S1-LL,psi_LL,0.276794568108372,0.134569315296347,0.0185656863611837,0.27485883205347,0.548997769406836
merged,MERGED-Isite-L0S1-LN,beta_inc[1],0.42789163926696,0.130125528547539,0.177695822713044,0.429951330883632,0.674828230979155
merged,MERGED-Isite-L0S1-LN,beta_inc[2],0.894717436659038,0.172890824685313,0.563342319035115,0.893866223081066,1.23021561060423
merged,MERGED-Isite-L0S1-LN,beta_inc[3],0.605701375409151,0.193672993061467,0.221163346115107,0.604938488104302,0.987172599869537
merged,MERGED-Isite-L0S1-LN,beta_inc[4],0.413933000310598,0.28051558863029,-0.140908827984098,0.416457220556522,0.969035336582348
merged,MERGED-Isite-L0S1-LN,beta_inc[5],0.0783074583904511,0.296206575987882,-0.503107617729329,0.069786357907249,0.679772526035689
merged,MERGED-Isite-L0S1-LN,beta_inc[6],0.107457245470314,0.472752455605886,-0.817928932170761,0.109071939273603,1.0517835433575
merged,MERGED-Isite-L0S1-LN,delta0,10.4258211935604,1.20768755431586,8.55807668337694,10.266391543459,13.2799744632933
merged,MERGED-Isite-L0S1-LN,gamma0,1.57422798450557,0.794733729462026,-0.0676766985713348,1.61519571883761,3.0819967133964
merged,MERGED-Isite-L0S1-LN,gamma_lat[1],-0.026090943322613,0.456744294132611,-0.940982175357003,-0.0355859813904576,0.856252359525801
merged,MERGED-Isite-L0S1-LN,gamma_lat[2],0.44870044928417,0.474203179518254,-0.475366865863134,0.448964837648243,1.37032027440657
merged,MERGED-Isite-L0S1-LN,gamma_lat[3],1.12116773702269,0.535598593820882,0.0251379899451332,1.12615794228831,2.13837866667562
merged,MERGED-Isite-L0S1-LN,log_sigma_LN,0.917552749185795,0.128993113411504,0.655231920821184,0.917911321086171,1.16291336077696
merged,MERGED-Isite-L0S1-W,beta_inc[1],0.427574716273358,0.131879827751648,0.160347761856206,0.427482771547593,0.691063517947415
merged,MERGED-Isite-L0S1-W,beta_inc[2],0.8821546131748,0.176713995189032,0.533602532160076,0.881646202390132,1.22409095020491
merged,MERGED-Isite-L0S1-W,beta_inc[3],0.603244094371266,0.189677103207623,0.232913072067354,0.602272370870214,0.971430559628468
merged,MERGED-Isite-L0S1-W,beta_inc[4],0.405370173693782,0.280889949798691,-0.15838454792852,0.404828282899527,0.960389717496725
merged,MERGED-Isite-L0S1-W,beta_inc[5],0.0837474173885466,0.293661522878624,-0.474904150618673,0.0730322315753789,0.665429729985685
merged,MERGED-Isite-L0S1-W,beta_inc[6],0.112859945582301,0.47515881312296,-0.807251404330493,0.109744619305848,1.04569953640409
merged,MERGED-Isite-L0S1-W,delta0,10.3904107129573,1.26553384885161,8.41810526371468,10.2256400868135,13.3435190810595
merged,MERGED-Isite-L0S1-W,gamma0,1.22856481809739,0.689987346332089,-0.231717313281763,1.26246222292671,2.54351480335432
merged,MERGED-Isite-L0S1-W,gamma_lat[1],-0.148430715711233,0.421054735614231,-0.9763686630123,-0.153375297699701,0.720245879326366
merged,MERGED-Isite-L0S1-W,gamma_lat[2],0.413761036539286,0.436528158822242,-0.403471270465293,0.395097579111154,1.29434550296238
merged,MERGED-Isite-L0S1-W,gamma_lat[3],1.09196489391104,0.503930426019179,0.0603421019510005,1.10119715836025,2.04345864499161
merged,MERGED-Isite-L0S1-W,rho_W,-0.368494516982399,0.12617686745902,-0.614720353447943,-0.366231450270757,-0.12996689389119
merged,MERGED-Isite-L1S0-E,beta_inc[1],0.413800411493086,0.132029197517401,0.148821343341434,0.414969185459011,0.674998197663855
merged,MERGED-Isite-L1S0-E,beta_inc[2],0.772331584359698,0.173433788732278,0.437669398835603,0.772529813909584,1.12149327611653
merged,MERGED-Isite-L1S0-E,beta_inc[3],0.613274836638916,0.186841108773023,0.243624235574884,0.613852989687131,0.976074921217332
merged,MERGED-Isite-L1S0-E,beta_inc[4],0.128083768463062,0.277780335898665,-0.384695959504705,0.122078515221497,0.689132314026421
merged,MERGED-Isite-L1S0-E,beta_inc[5],0.122806735275973,0.282661379885203,-0.433533057150169,0.125715678778977,0.66564382014341
merged,MERGED-Isite-L1S0-E,beta_inc[6],-0.421602103284006,0.395980916741848,-1.17463072205778,-0.420533909115234,0.372886827119321
merged,MERGED-Isite-L1S0-E,delta0,8.92521080302825,0.590354009285623,7.9518816414034,8.87443191183612,10.2301391563451
merged,MERGED-Isite-L1S0-E,gamma0,0.724241918625036,0.442319429923296,0.0272001453702734,0.666314211024055,1.79834931705301
merged,MERGED-Isite-L1S0-E,gamma_lat[1],-0.214378976089953,0.349493932454579,-0.847187028191722,-0.234649413795873,0.512309793664708
merged,MERGED-Isite-L1S0-E,gamma_lat[2],0.638912903573773,0.380589291976154,-0.122554208714044,0.640354866394441,1.36270040504285
merged,MERGED-Isite-L1S0-E,gamma_lat[3],-0.142484241661493,0.519731916109141,-1.15351525001199,-0.154012599810883,0.883319664410923
merged,MERGED-Isite-L1S0-LL,beta_inc[1],0.430431442878754,0.133886047719058,0.166634181807208,0.430377670845899,0.69305957993589
merged,MERGED-Isite-L1S0-LL,beta_inc[2],0.883046655049045,0.172751183280159,0.543588200501096,0.881858276509292,1.22865769283231
merged,MERGED-Isite-L1S0-LL,beta_inc[3],0.60297053187493,0.193341180466397,0.226592649935693,0.599629985163948,0.98754829802159
merged,MERGED-Isite-L1S0-LL,beta_inc[4],0.390236828228143,0.288656638828361,-0.176136372775265,0.388087066459385,0.937122823122035
merged,MERGED-Isite-L1S0-LL,beta_inc[5],0.083081640341131,0.29646219702335,-0.501249139797425,0.0875091030320639,0.665099564747585
merged,MERGED-Isite-L1S0-LL,beta_inc[6],-0.0856816586472018,0.469234521234988,-0.989229018764674,-0.0897357924908269,0.839744299464856
merged,MERGED-Isite-L1S0-LL,delta0,10.359926098244,1.15873522235966,8.59605556993932,10.1797266051233,13.1272253399139
merged,MERGED-Isite-L1S0-LL,gamma0,2.1458303724434,0.722148235884943,0.649942206830602,2.19599084753113,3.43512926201296
merged,MERGED-Isite-L1S0-LL,gamma_lat[1],-0.178389496911147,0.50747485190988,-1.17122273728111,-0.18751931140442,0.845732182012968
merged,MERGED-Isite-L1S0-LL,gamma_lat[2],0.596788418525709,0.479227646393007,-0.331009051222425,0.582689595079365,1.56079111224914
merged,MERGED-Isite-L1S0-LL,gamma_lat[3],-0.287512279233283,0.638490379540365,-1.52717097672176,-0.292779988482176,1.00451379924002
merged,MERGED-Isite-L1S0-LL,psi_LL,0.316433703688465,0.137584056728787,0.0467000042017386,0.31832066667757,0.583814355211855
merged,MERGED-Isite-L1S0-LN,beta_inc[1],0.42792806459538,0.12983830922286899,0.171602125556569,0.429322189165307,0.684012841324835
merged,MERGED-Isite-L1S0-LN,beta_inc[2],0.890984312458864,0.173188894030301,0.556730104286702,0.89187734591888,1.23764279500978
merged,MERGED-Isite-L1S0-LN,beta_inc[3],0.603033361826057,0.190819966855961,0.230076613213239,0.605090839147357,0.974229287774598
merged,MERGED-Isite-L1S0-LN,beta_inc[4],0.3977234877718,0.284562150851231,-0.186922644429612,0.399088609759703,0.940101860608278
merged,MERGED-Isite-L1S0-LN,beta_inc[5],0.0762502355872154,0.305280362756183,-0.532935889330404,0.0762509362244221,0.670045929417784
merged,MERGED-Isite-L1S0-LN,beta_inc[6],-0.0519756235996164,0.481662831038221,-0.997327820643449,-0.0460150704464468,0.903920437272916
merged,MERGED-Isite-L1S0-LN,delta0,10.4181072118472,1.1307960806263,8.66824205154519,10.2551230001209,13.0693909466451
merged,MERGED-Isite-L1S0-LN,gamma0,2.37879061832256,0.776735871196741,0.73892050246793,2.45839876210194,3.74030246703508
merged,MERGED-Isite-L1S0-LN,gamma_lat[1],-0.0952693538779152,0.545097874745286,-1.18343969125722,-0.0919050608236606,0.972254242120602
merged,MERGED-Isite-L1S0-LN,gamma_lat[2],0.630875516242206,0.493071670704774,-0.29870110745109,0.61614056555134,1.64485758659364
merged,MERGED-Isite-L1S0-LN,gamma_lat[3],-0.280234407723299,0.652692981416251,-1.52865582365973,-0.281336714163905,1.01479692201849
merged,MERGED-Isite-L1S0-LN,log_sigma_LN,0.957672363641114,0.132412524949472,0.694850204367782,0.956982307163272,1.21590770939013
merged,MERGED-Isite-L1S0-W,beta_inc[1],0.434079747521664,0.127810643530778,0.185205328512398,0.43698372907268,0.684394102458501
merged,MERGED-Isite-L1S0-W,beta_inc[2],0.872548952607426,0.180780627061559,0.518596990655751,0.869648190145143,1.23059502210652
merged,MERGED-Isite-L1S0-W,beta_inc[3],0.601459876821266,0.191341387323489,0.235783092031072,0.59977768952172,0.970832387418283
merged,MERGED-Isite-L1S0-W,beta_inc[4],0.375372817148729,0.289960013647944,-0.184732225021745,0.371590134906987,0.942818036850199
merged,MERGED-Isite-L1S0-W,beta_inc[5],0.0765925042836024,0.299785848901839,-0.507307829001805,0.0746833451562983,0.665469263450112
merged,MERGED-Isite-L1S0-W,beta_inc[6],-0.113709033893215,0.494703707318347,-1.07276438282175,-0.123524316914172,0.868807674318036
merged,MERGED-Isite-L1S0-W,delta0,10.2923171664314,1.24537126415391,8.43183714956844,10.1024416419382,13.3135505085836
merged,MERGED-Isite-L1S0-W,gamma0,1.96621482588852,0.751883027329885,0.38728788310839,2.04670905429236,3.29611262176087
merged,MERGED-Isite-L1S0-W,gamma_lat[1],-0.181610241745464,0.514119784155294,-1.13959010122939,-0.195289533419576,0.868923465522769
merged,MERGED-Isite-L1S0-W,gamma_lat[2],0.56855043273619,0.484073883355024,-0.389480199242506,0.561514349314151,1.57334256026444
merged,MERGED-Isite-L1S0-W,gamma_lat[3],-0.291530035102659,0.630104842475801,-1.54364821151249,-0.297111646702724,0.944771122571236
merged,MERGED-Isite-L1S0-W,rho_W,-0.41281086036567,0.129491423175646,-0.669850345469923,-0.409717793640039,-0.156012333485465
merged,MERGED-Isite-L1S1-E,beta_inc[1],0.423490942409078,0.132649254443357,0.16000057533365,0.42271531315166,0.687061218200614
merged,MERGED-Isite-L1S1-E,beta_inc[2],0.830740329606741,0.170282155867086,0.507391217623191,0.830699377151836,1.17579955975847
merged,MERGED-Isite-L1S1-E,beta_inc[3],0.619302430551905,0.190757794720783,0.26313599015849,0.620295452119901,0.994999522341044
merged,MERGED-Isite-L1S1-E,beta_inc[4],0.265961803817271,0.309121975065743,-0.323968270686223,0.266846003677397,0.875298365695923
merged,MERGED-Isite-L1S1-E,beta_inc[5],0.113966489294142,0.310177925895976,-0.495330380385033,0.115412521154568,0.720699952033933
merged,MERGED-Isite-L1S1-E,beta_inc[6],0.03766580983991,0.468562765741237,-0.869017597230954,0.0369004497909434,0.961286864625779
merged,MERGED-Isite-L1S1-E,delta0,9.3781753943877,1.1693726003887,7.79342866767536,9.12815602783364,12.2947619720536
merged,MERGED-Isite-L1S1-E,gamma0,0.380707707479684,0.626103161473315,-0.84183035682264,0.398060197265478,1.53181810182374
merged,MERGED-Isite-L1S1-E,gamma_lat[1],0.091323896433804,0.393341136070362,-0.637121457001584,0.0747278251208993,0.901941521709783
merged,MERGED-Isite-L1S1-E,gamma_lat[2],0.45403844817127,0.365060069405004,-0.234796275088867,0.451920862417048,1.20215455023553
merged,MERGED-Isite-L1S1-E,gamma_lat[3],-0.308613011629984,0.511240483753178,-1.28982455708993,-0.317164895982496,0.694750739469899
merged,MERGED-Isite-L1S1-E,gamma_lat[4],1.12841535710667,0.465697919880659,0.17996647243506,1.14468150973547,2.00332345060223
merged,MERGED-Isite-L1S1-LL,beta_inc[1],0.430144095754772,0.130925459013843,0.177631374118954,0.430655826317743,0.686304281171207
merged,MERGED-Isite-L1S1-LL,beta_inc[2],0.891075863541613,0.175582524785415,0.539041719290921,0.89150307335945,1.23964742341799
merged,MERGED-Isite-L1S1-LL,beta_inc[3],0.607044055245681,0.183861946271286,0.246446858051751,0.608229319333941,0.967717237583464
merged,MERGED-Isite-L1S1-LL,beta_inc[4],0.40508897009691,0.279843304859828,-0.151054015712844,0.406469802534304,0.948396655138609
merged,MERGED-Isite-L1S1-LL,beta_inc[5],0.0809735482462351,0.304093062670586,-0.503670599380871,0.0798470994973508,0.672590205459917
merged,MERGED-Isite-L1S1-LL,beta_inc[6],0.113419362392502,0.47568700923671,-0.83775293449961,0.114678896948117,1.03915313653748
merged,MERGED-Isite-L1S1-LL,delta0,10.488658905748,1.22623219742153,8.56737072458855,10.3373902302178,13.3944733874159
merged,MERGED-Isite-L1S1-LL,gamma0,1.41068051828232,0.718119713947284,-0.0444289653946365,1.43572213833774,2.74911090360647
merged,MERGED-Isite-L1S1-LL,gamma_lat[1],0.032216312786041,0.512434648161012,-0.949522132087542,0.0210083424022499,1.06511212684317
merged,MERGED-Isite-L1S1-LL,gamma_lat[2],0.440952713775773,0.459076796257096,-0.468014349286924,0.445686710334273,1.35044314381472
merged,MERGED-Isite-L1S1-LL,gamma_lat[3],-0.362405519495346,0.629292501755408,-1.58417989586409,-0.362344937040759,0.867642597705498
merged,MERGED-Isite-L1S1-LL,gamma_lat[4],1.12143295855264,0.526003779523785,0.0804908714127171,1.13226060987131,2.1497330771198
merged,MERGED-Isite-L1S1-LL,psi_LL,0.285677671889819,0.128663863047071,0.0451758136692635,0.283468094019233,0.545386122916274
merged,MERGED-Isite-L1S1-LN,beta_inc[1],0.430687977165361,0.129571451059841,0.17812506657484,0.432949529780758,0.680169141965304
merged,MERGED-Isite-L1S1-LN,beta_inc[2],0.88953812809472,0.174854286565855,0.553290725667629,0.891297431867795,1.23232916111243
merged,MERGED-Isite-L1S1-LN,beta_inc[3],0.603643834028462,0.189891175334738,0.238108234129193,0.604232822808076,0.975362024834092
merged,MERGED-Isite-L1S1-LN,beta_inc[4],0.401643659002911,0.283366336028545,-0.160009058692103,0.405880595383696,0.946128023383949
merged,MERGED-Isite-L1S1-LN,beta_inc[5],0.0787714749907058,0.298375976298376,-0.494480864100034,0.0763249924316909,0.668814179729706
merged,MERGED-Isite-L1S1-LN,beta_inc[6],0.11183665064098,0.466854864043934,-0.80734922994298,0.118128322049265,1.04035204690398
merged,MERGED-Isite-L1S1-LN,delta0,10.4414881866345,1.19104606102602,8.58238037755163,10.2777732667678,13.3181754329653
merged,MERGED-Isite-L1S1-LN,gamma0,1.58514159451931,0.799461256710444,-0.0581904978710001,1.62149213056575,3.08112869472204
merged,MERGED-Isite-L1S1-LN,gamma_lat[1],0.134759428402269,0.542761479716415,-0.918457564214094,0.132230269071388,1.19304967218035
merged,MERGED-Isite-L1S1-LN,gamma_lat[2],0.451974373143316,0.476339102069763,-0.451316809110881,0.445093471611404,1.39743785902894
merged,MERGED-Isite-L1S1-LN,gamma_lat[3],-0.35100243681014,0.651829011988556,-1.63376708594334,-0.347785014754901,0.940160234417123
merged,MERGED-Isite-L1S1-LN,gamma_lat[4],1.12936552316119,0.526908092411588,0.0971220643634373,1.1149333545792,2.18048829405408
merged,MERGED-Isite-L1S1-LN,log_sigma_LN,0.921867318580005,0.131235657269194,0.665495673108777,0.921187065206773,1.17494897288747
merged,MERGED-Isite-L1S1-W,beta_inc[1],0.430076789637266,0.131676841717802,0.168489196366878,0.432176654664217,0.688117428445098
merged,MERGED-Isite-L1S1-W,beta_inc[2],0.885619123043125,0.174672472986143,0.540685816499644,0.887686624103313,1.22719063542918
merged,MERGED-Isite-L1S1-W,beta_inc[3],0.604451722155194,0.193473318161325,0.223591092738867,0.604866854215044,0.980119581482122
merged,MERGED-Isite-L1S1-W,beta_inc[4],0.398220186265561,0.280155805180461,-0.163156063615106,0.401576825719296,0.96582384781923
merged,MERGED-Isite-L1S1-W,beta_inc[5],0.0812988122337538,0.300970311413138,-0.52558426906414,0.0825909557079314,0.679278668449839
merged,MERGED-Isite-L1S1-W,beta_inc[6],0.100886082650475,0.481572135244814,-0.854719030762213,0.101493756783808,1.06128870782687
merged,MERGED-Isite-L1S1-W,delta0,10.4324952231142,1.28575103948888,8.41943843424837,10.2805550961304,13.4162158316184
merged,MERGED-Isite-L1S1-W,gamma0,1.25333941994613,0.705586305207124,-0.199110001361653,1.26644515312584,2.57702402522291
merged,MERGED-Isite-L1S1-W,gamma_lat[1],0.0226187745725381,0.508609301514854,-0.934922874905003,0.00690053181827787,1.06367841637124
merged,MERGED-Isite-L1S1-W,gamma_lat[2],0.423766093445528,0.440070852087254,-0.397737868673963,0.407458792565672,1.3292897146449
merged,MERGED-Isite-L1S1-W,gamma_lat[3],-0.374032367445762,0.62812725292052,-1.57489815431139,-0.377010475224046,0.867019643944341
merged,MERGED-Isite-L1S1-W,gamma_lat[4],1.10253121914453,0.516969413759282,0.0642563267956065,1.10491141592802,2.08527532138394
merged,MERGED-Isite-L1S1-W,rho_W,-0.377469454042468,0.132819262328967,-0.636184003129989,-0.377415362457857,-0.122122861175331
merged,MERGED-L0S0-E,beta_inc[1],0.416609900012453,0.131049503137097,0.154576668443343,0.41484461614849,0.670357727724081
merged,MERGED-L0S0-E,beta_inc[2],0.783239696363372,0.169633160066094,0.455733894829276,0.783171268150989,1.12622036873912
merged,MERGED-L0S0-E,beta_inc[3],0.62218755895298306,0.18045607047655,0.272620197794737,0.62369470976983,0.968369831654701
merged,MERGED-L0S0-E,beta_inc[4],0.142465148997534,0.281359323262697,-0.39631519556635,0.134455838302763,0.715720361767109
merged,MERGED-L0S0-E,beta_inc[5],0.127284381501604,0.29059505426258,-0.442530864507629,0.125504925439682,0.683012199150782
merged,MERGED-L0S0-E,delta0,8.61821680923299,0.611435936021364,7.81424135059599,8.50451422467976,10.1867274452181
merged,MERGED-L0S0-E,gamma0,0.73982055960105,0.485567903820917,-0.0163083856540365,0.661681346878559,1.89464135649081
merged,MERGED-L0S0-E,gamma_lat[1],-0.310726479334546,0.281857774282417,-0.837861398113405,-0.322045868121733,0.26755015399599
merged,MERGED-L0S0-E,gamma_lat[2],0.661369843137523,0.400615092037813,-0.135106364331944,0.657331720725931,1.46401496917002
merged,MERGED-L0S0-LL,beta_inc[1],0.432146444347124,0.131986009927121,0.181374272627048,0.430919065485421,0.689705708983985
merged,MERGED-L0S0-LL,beta_inc[2],0.880541260295363,0.17419002018537,0.533666169501763,0.878447032791635,1.2256991165987
merged,MERGED-L0S0-LL,beta_inc[3],0.603834715967501,0.182098097661771,0.253990526777452,0.601237355713166,0.961024966633477
merged,MERGED-L0S0-LL,beta_inc[4],0.402192633097765,0.281176147180557,-0.13594655752387,0.394827374697468,0.96451482295082
merged,MERGED-L0S0-LL,beta_inc[5],0.0800463052251907,0.305581730773935,-0.53235718135796,0.0827000313728262,0.689879181739731
merged,MERGED-L0S0-LL,delta0,10.2661766296528,1.14914278690126,8.55400226918656,10.0845820888381,13.0130147246302
merged,MERGED-L0S0-LL,gamma0,2.14232483499347,0.703359855275674,0.675307068406049,2.19975835124185,3.38853333452057
merged,MERGED-L0S0-LL,gamma_lat[1],-0.329941796155052,0.423306721356696,-1.17371925675097,-0.339003701810177,0.5033193430581
merged,MERGED-L0S0-LL,gamma_lat[2],0.605089259954454,0.481913932330358,-0.307623165117136,0.605233999170253,1.57239269298849
merged,MERGED-L0S0-LL,psi_LL,0.315058648486472,0.133201558389303,0.0555815311409227,0.314767076213346,0.583049392466578
merged,MERGED-L0S0-LN,beta_inc[1],0.430617020697944,0.134505411926092,0.167792947429766,0.432910306107887,0.695768461264571
merged,MERGED-L0S0-LN,beta_inc[2],0.889587851745578,0.16862481618225,0.558747066112154,0.887936521546492,1.21893425892542
merged,MERGED-L0S0-LN,beta_inc[3],0.601323865878329,0.189987380354608,0.239905621409687,0.602684071181746,0.975133266271387
merged,MERGED-L0S0-LN,beta_inc[4],0.406552754131687,0.279689579261406,-0.133703637716905,0.409731275224929,0.946633660172048
merged,MERGED-L0S0-LN,beta_inc[5],0.0856492799407466,0.29621930965568,-0.507507177190582,0.0826677129753272,0.67018440001292
merged,MERGED-L0S0-LN,delta0,10.3053731751416,1.15053524312276,8.5895225683787,10.1217991979253,13.0328141101367
merged,MERGED-L0S0-LN,gamma0,2.34779766379231,0.760652715857459,0.717655122895257,2.40793657684167,3.71271347256486
merged,MERGED-L0S0-LN,gamma_lat[1],-0.222089574573444,0.458437858367957,-1.14916596789037,-0.218184210841197,0.662909234939662
merged,MERGED-L0S0-LN,gamma_lat[2],0.623854557103508,0.484318049089654,-0.30600392125106,0.617876244510711,1.58159902935293
merged,MERGED-L0S0-LN,log_sigma_LN,0.95236489447733,0.130241520687857,0.68418105084213,0.956819127139259,1.20292256413853
merged,MERGED-L0S0-W,beta_inc[1],0.432123749989655,0.130902549259635,0.174963232853162,0.4319469829468,0.690640955831128
merged,MERGED-L0S0-W,beta_inc[2],0.877170400183131,0.17918528670551,0.523053725356352,0.876597195459735,1.24147881431648
merged,MERGED-L0S0-W,beta_inc[3],0.606295379142112,0.194456679898616,0.225485384091825,0.604705709647111,0.984450060689209
merged,MERGED-L0S0-W,beta_inc[4],0.376302881658763,0.290290800045058,-0.187477532050757,0.380995597645593,0.938315290191818
merged,MERGED-L0S0-W,beta_inc[5],0.0840480411626799,0.295444112288458,-0.500824697824921,0.0828583309130753,0.668297059591339
merged,MERGED-L0S0-W,delta0,10.138957889698,1.21797819089857,8.34519879500998,9.97175849241786,12.9509190337997
merged,MERGED-L0S0-W,gamma0,1.96019164025946,0.725726686408419,0.378932904268249,2.03969420614587,3.23305582156715
merged,MERGED-L0S0-W,gamma_lat[1],-0.321779541067363,0.427273572382424,-1.15419308820271,-0.331161115104161,0.546138379556041
merged,MERGED-L0S0-W,gamma_lat[2],0.558705491907187,0.471671883975301,-0.357071007522782,0.553685159780201,1.50087908558109
merged,MERGED-L0S0-W,rho_W,-0.408837918563909,0.134914977363251,-0.676269709485868,-0.406965840092316,-0.148508403504079
merged,MERGED-L0S1-E,beta_inc[1],0.42233169203089,0.13046639306431,0.174570426836144,0.42143431444291,0.680385612157856
merged,MERGED-L0S1-E,beta_inc[2],0.821099351064719,0.174967487814799,0.486781592129971,0.814842622024531,1.1768927781629
merged,MERGED-L0S1-E,beta_inc[3],0.619193012302012,0.189446520788513,0.23980052477983,0.619918035389612,0.99095623757017
merged,MERGED-L0S1-E,beta_inc[4],0.251074010927569,0.304746449537208,-0.323684595166439,0.243494754842992,0.846062916474415
merged,MERGED-L0S1-E,beta_inc[5],0.132444063871696,0.29788402075867,-0.462830988042965,0.137134557521456,0.704849220565861
merged,MERGED-L0S1-E,delta0,9.23250409134393,1.06466887180957,7.94059712245816,8.94611203362037,12.0030646221828
merged,MERGED-L0S1-E,gamma0,0.312934638004523,0.62313119338681,-0.892730677838912,0.306667554786981,1.47528077895135
merged,MERGED-L0S1-E,gamma_lat[1],-0.0428754126670755,0.314645617542668,-0.637406800859636,-0.0504495754326269,0.589036357842512
merged,MERGED-L0S1-E,gamma_lat[2],0.478198073834562,0.377856736919549,-0.24972873632192,0.467578080779707,1.24943694997001
merged,MERGED-L0S1-E,gamma_lat[3],1.08905986425968,0.424905301025553,0.233830104317367,1.10019355347902,1.89821230236128
merged,MERGED-L0S1-LL,beta_inc[1],0.431549756662931,0.13697740382066,0.156484273145605,0.433953729173119,0.698637745525007
merged,MERGED-L0S1-LL,beta_inc[2],0.885604216231989,0.178664782804726,0.533139579333818,0.882209163958184,1.24514399497568
merged,MERGED-L0S1-LL,beta_inc[3],0.60348295906007,0.187779820141091,0.232150880174812,0.602911111481383,0.977771432448197
merged,MERGED-L0S1-LL,beta_inc[4],0.402326555861445,0.28178084292262,-0.148602563458823,0.404645626401951,0.955867078941144
merged,MERGED-L0S1-LL,beta_inc[5],0.0816547769620946,0.297271045048765,-0.500324725020846,0.0801931712476154,0.667783324528309
merged,MERGED-L0S1-LL,delta0,10.4416202951702,1.14663286064974,8.69656060991605,10.2735979272262,13.0437558440074
merged,MERGED-L0S1-LL,gamma0,1.37437678971601,0.71199984186719,-0.149298471626761,1.40425387919141,2.73436221656025
merged,MERGED-L0S1-LL,gamma_lat[1],-0.12895101381394,0.420426977753365,-0.935591789386222,-0.135233623028284,0.697180100688698
merged,MERGED-L0S1-LL,gamma_lat[2],0.45599213689628,0.460979980633935,-0.443563137418728,0.464936048423032,1.34885487774259
merged,MERGED-L0S1-LL,gamma_lat[3],1.08174821225725,0.501616756526069,0.0840116204107177,1.08600237192733,2.06309904973849
merged,MERGED-L0S1-LL,psi_LL,0.276853891231211,0.132614662449812,0.0163672387023054,0.27636238668016,0.542118303930608
merged,MERGED-L0S1-LN,beta_inc[1],0.427962188091698,0.132607893137067,0.177086599509384,0.429337055994626,0.687441350834933
merged,MERGED-L0S1-LN,beta_inc[2],0.889924671824954,0.169123505065015,0.560136327260608,0.889316192139115,1.22364448815424
merged,MERGED-L0S1-LN,beta_inc[3],0.604687063934556,0.192093619698379,0.234724658643514,0.604781478126165,0.978222447865494
merged,MERGED-L0S1-LN,beta_inc[4],0.41169861569258,0.283136934518142,-0.130432317522751,0.409280961681226,0.964003070767766
merged,MERGED-L0S1-LN,beta_inc[5],0.0796231945802444,0.303859833555946,-0.503369120831012,0.0737687765702787,0.664606710171066
merged,MERGED-L0S1-LN,delta0,10.4635953381565,1.16557447152398,8.6920287810672,10.2792370153943,13.1588171987661
merged,MERGED-L0S1-LN,gamma0,1.588953430488,0.780005322692305,0.0235489305161912,1.60143700291909,3.08732928073655
merged,MERGED-L0S1-LN,gamma_lat[1],-0.0239236126504916,0.451601672157531,-0.89672767931361,-0.0199458397066785,0.873710437548802
merged,MERGED-L0S1-LN,gamma_lat[2],0.44843799023888,0.473034177638353,-0.464409201338311,0.447648403045913,1.39056674919413
merged,MERGED-L0S1-LN,gamma_lat[3],1.0953453994948,0.513475637048131,0.0518591481417621,1.09778102952029,2.09662535454616
merged,MERGED-L0S1-LN,log_sigma_LN,0.917437579089193,0.128245100999746,0.650360870786656,0.921079757986916,1.16473106098783
merged,MERGED-L0S1-W,beta_inc[1],0.434178582951811,0.133614511558758,0.179088621696527,0.434146572668669,0.701253526509123
merged,MERGED-L0S1-W,beta_inc[2],0.883903538311171,0.1734509266187,0.543073882232188,0.885411137636154,1.21075856710229
merged,MERGED-L0S1-W,beta_inc[3],0.603528977595702,0.188562474466586,0.237546862016141,0.599764145794544,0.971575660437321
merged,MERGED-L0S1-W,beta_inc[4],0.394133055376112,0.284804882198018,-0.164730094561015,0.397935555834655,0.954961923240233
merged,MERGED-L0S1-W,beta_inc[5],0.0874814834466757,0.299165436128293,-0.494552684916634,0.0814004593947993,0.677985971528338
merged,MERGED-L0S1-W,delta0,10.3863623287078,1.23643969592029,8.4797533736799,10.228240200127,13.3234457175926
merged,MERGED-L0S1-W,gamma0,1.21729255521601,0.723679887138054,-0.315044197044383,1.25834271998578,2.55829841529168
merged,MERGED-L0S1-W,gamma_lat[1],-0.142756145264429,0.42696428397075,-0.949963297348342,-0.154981008297261,0.716186559327836
merged,MERGED-L0S1-W,gamma_lat[2],0.433286825961934,0.45650345775749,-0.445660317594179,0.419114356835542,1.33381728270065
merged,MERGED-L0S1-W,gamma_lat[3],1.06475787193782,0.50227374630701,0.0564018433216654,1.07232724705335,2.01525372205046
merged,MERGED-L0S1-W,rho_W,-0.367986107315858,0.131885436285731,-0.624425020171139,-0.368050859484354,-0.108546759843951
merged,MERGED-L1S0-E,beta_inc[1],0.418384870760743,0.13083240268398,0.160457219904699,0.419182274945703,0.685703381419104
merged,MERGED-L1S0-E,beta_inc[2],0.780757197504861,0.169298109719098,0.45545098818977803,0.780549359066197,1.11496390016223
merged,MERGED-L1S0-E,beta_inc[3],0.61910044511165,0.184814046984452,0.250393198870389,0.615853321687225,0.983888625995146
merged,MERGED-L1S0-E,beta_inc[4],0.149746788653497,0.287681665936376,-0.39689298308698,0.139326438312682,0.75880618956998
merged,MERGED-L1S0-E,beta_inc[5],0.126494393956583,0.287430428528123,-0.425357116631091,0.124951807537249,0.696360469555787
merged,MERGED-L1S0-E,delta0,8.65911847788046,0.690471679342269,7.81900164277489,8.50980549019554,10.5323291411055
merged,MERGED-L1S0-E,gamma0,0.762424768326339,0.507625599701751,-0.0134360664093138,0.671103249468133,1.99559567822503
merged,MERGED-L1S0-E,gamma_lat[1],-0.238503188193515,0.343022719502985,-0.858623374641749,-0.257623898067927,0.490053514600685
merged,MERGED-L1S0-E,gamma_lat[2],0.675024451521757,0.391362034000509,-0.118126693630591,0.669703536934031,1.42841765739496
merged,MERGED-L1S0-E,gamma_lat[3],-0.140844838734867,0.502408075331097,-1.11206107308867,-0.147388063651581,0.842960848035718
merged,MERGED-L1S0-LL,beta_inc[1],0.429249974716392,0.135105337493051,0.169428406257299,0.428485333456291,0.693707297260111
merged,MERGED-L1S0-LL,beta_inc[2],0.883381534179949,0.173386953600793,0.551989385439775,0.885904029273598,1.22539616112584
merged,MERGED-L1S0-LL,beta_inc[3],0.598492271504676,0.187061942866309,0.231357901170201,0.599237394210271,0.958158269638251
merged,MERGED-L1S0-LL,beta_inc[4],0.398865648852863,0.282685743474524,-0.164321107796506,0.400537787311009,0.948855246535939
merged,MERGED-L1S0-LL,beta_inc[5],0.0752279890537035,0.294672947211754,-0.516409545807282,0.079893093019183,0.651380005987514
merged,MERGED-L1S0-LL,delta0,10.3079593470672,1.15289630225943,8.56581052445197,10.1494121915188,13.0935901072523
merged,MERGED-L1S0-LL,gamma0,2.18652592868207,0.723570484256565,0.627974165166083,2.25243320336707,3.49793306912573
merged,MERGED-L1S0-LL,gamma_lat[1],-0.189257440364194,0.522307521950461,-1.17996280054419,-0.214926698537626,0.893820706499541
merged,MERGED-L1S0-LL,gamma_lat[2],0.598296205968983,0.492029839374208,-0.366667060223653,0.596224688237094,1.58865247404625
merged,MERGED-L1S0-LL,gamma_lat[3],-0.289254821725843,0.634593068550829,-1.54717885522577,-0.28552341479935,0.96658637393965
merged,MERGED-L1S0-LL,psi_LL,0.324791630332785,0.133980961350199,0.0703216263319382,0.323182879569758,0.591809924631263
merged,MERGED-L1S0-LN,beta_inc[1],0.429784725446884,0.131161521199837,0.175232324931083,0.429355111199162,0.691479500503981
merged,MERGED-L1S0-LN,beta_inc[2],0.890741871252095,0.176374610227387,0.549823073138844,0.888473528768223,1.23380884295021
merged,MERGED-L1S0-LN,beta_inc[3],0.603555841920318,0.189808182000801,0.22912558366068,0.603858602054485,0.963463633031579
merged,MERGED-L1S0-LN,beta_inc[4],0.401346356177312,0.284615775951447,-0.155593297526627,0.398479858443104,0.960677851857779
merged,MERGED-L1S0-LN,beta_inc[5],0.0827138980353357,0.296574210528095,-0.497304325649571,0.0820199524240016,0.658512999387354
merged,MERGED-L1S0-LN,delta0,10.3098081036061,1.13637353321162,8.60237813651067,10.1341920926057,13.0993999318318
merged,MERGED-L1S0-LN,gamma0,2.34683833892249,0.765838338022314,0.710253812548495,2.39866752232163,3.75394716872918
merged,MERGED-L1S0-LN,gamma_lat[1],-0.083571627127408,0.54474733458661,-1.14020464509207,-0.0960031830140044,0.979594101143195
merged,MERGED-L1S0-LN,gamma_lat[2],0.648411753348993,0.484572208138461,-0.31222737034253,0.655122856424231,1.58658329421045
merged,MERGED-L1S0-LN,gamma_lat[3],-0.281784072098774,0.674124322625666,-1.55691294324217,-0.278267274920788,1.05074107846202
merged,MERGED-L1S0-LN,log_sigma_LN,0.954955103446922,0.129094653419632,0.6902519595287,0.956907786539534,1.20124910716694
merged,MERGED-L1S0-W,beta_inc[1],0.431661204813729,0.130271783966023,0.177637453476839,0.431338324551918,0.691935093863018
merged,MERGED-L1S0-W,beta_inc[2],0.8788554545078,0.177582129949857,0.536821160446144,0.879700261126576,1.23343495738866
merged,MERGED-L1S0-W,beta_inc[3],0.603495040651636,0.190565178899018,0.237469341346649,0.604385681751332,0.97358268422945
merged,MERGED-L1S0-W,beta_inc[4],0.386110264664461,0.289774914886678,-0.179769317001671,0.383825652960023,0.944233379662727
merged,MERGED-L1S0-W,beta_inc[5],0.0793937821113653,0.30088151687107,-0.50682074827739,0.0753749726661145,0.655704299095733
merged,MERGED-L1S0-W,delta0,10.1695234932441,1.17232316611148,8.38442835556873,10.010946062031,12.9135655875163
merged,MERGED-L1S0-W,gamma0,1.99590172690546,0.697733201708199,0.519431575639412,2.06437217911334,3.22535542418504
merged,MERGED-L1S0-W,gamma_lat[1],-0.1840250683428,0.525205420529788,-1.18629384646447,-0.203398957392983,0.872355058805577
merged,MERGED-L1S0-W,gamma_lat[2],0.577343957269692,0.460333154316287,-0.315704761836528,0.582972539743542,1.47199928467922
merged,MERGED-L1S0-W,gamma_lat[3],-0.276758665503856,0.640842182733425,-1.55408864876926,-0.270104321213287,0.935483350266382
merged,MERGED-L1S0-W,rho_W,-0.422914435547885,0.130748025093574,-0.684195945372831,-0.420282807504158,-0.17490642480181
merged,MERGED-L1S1-E,beta_inc[1],0.425581564819835,0.129735582539596,0.164486443179812,0.427416014836025,0.677039822924351
merged,MERGED-L1S1-E,beta_inc[2],0.827586294238383,0.17479563484616,0.49657643924703,0.827835585530438,1.16419898264096
merged,MERGED-L1S1-E,beta_inc[3],0.618722464921471,0.186522793597707,0.258749062634756,0.616147081926101,0.989337266098477
merged,MERGED-L1S1-E,beta_inc[4],0.250883914992997,0.301473741935854,-0.32207799567894,0.24778346753993,0.859090930975723
merged,MERGED-L1S1-E,beta_inc[5],0.113190109772675,0.293672822823379,-0.474169865705111,0.113011580917046,0.6930743476773
merged,MERGED-L1S1-E,delta0,9.31363366690578,1.10249886119155,7.96837473793439,9.01984566028118,12.1777660472674
merged,MERGED-L1S1-E,gamma0,0.350618444943087,0.626564289665916,-0.877069642905873,0.36238291401382,1.53548305597714
merged,MERGED-L1S1-E,gamma_lat[1],0.0966262252885896,0.383199063007043,-0.601780690840448,0.0796926394813127,0.868163193992471
merged,MERGED-L1S1-E,gamma_lat[2],0.461126918318713,0.365173410361351,-0.236531502498298,0.457822007718095,1.18300808556982
merged,MERGED-L1S1-E,gamma_lat[3],-0.310756460790132,0.516647602216747,-1.32521560916475,-0.311172277372649,0.719569686531328
merged,MERGED-L1S1-E,gamma_lat[4],1.11925929518649,0.417414388404248,0.265016285948521,1.13213346350107,1.90736301519165
merged,MERGED-L1S1-LL,beta_inc[1],0.431152678205421,0.131877906700673,0.18071767828631,0.429266405334444,0.698613614807673
merged,MERGED-L1S1-LL,beta_inc[2],0.888323623893501,0.173654686092134,0.551681369232764,0.889612277752195,1.2184689764589
merged,MERGED-L1S1-LL,beta_inc[3],0.598604089170786,0.190719879356026,0.242827774377272,0.597645278324328,0.977078566030785
merged,MERGED-L1S1-LL,beta_inc[4],0.405857543945661,0.28045028731083,-0.152904773788821,0.404431851135976,0.939756929823075
merged,MERGED-L1S1-LL,beta_inc[5],0.0783164475746505,0.306032442919951,-0.518115615211188,0.0802342954215297,0.680567777977916
merged,MERGED-L1S1-LL,delta0,10.4979053262327,1.1808890945613,8.72474806194295,10.327224636974,13.2593865102365
merged,MERGED-L1S1-LL,gamma0,1.41010390448587,0.708692526298831,0.0182921422111634,1.41404343926839,2.77765011300532
merged,MERGED-L1S1-LL,gamma_lat[1],0.0583780141001997,0.532593702435146,-0.974809169997301,0.0516871944009902,1.11770232569283
merged,MERGED-L1S1-LL,gamma_lat[2],0.462234238776085,0.457874888306618,-0.397424514116106,0.46051463456408,1.39453761312653
merged,MERGED-L1S1-LL,gamma_lat[3],-0.388096642760334,0.642106755786232,-1.64144002184683,-0.393186502691311,0.856280205608182
merged,MERGED-L1S1-LL,gamma_lat[4],1.0796329145114,0.515053708907161,0.0672079729257544,1.07798809130017,2.08788029965614
merged,MERGED-L1S1-LL,psi_LL,0.284491636848182,0.129069442840295,0.0355507355740567,0.28146969949664,0.545884399198325
merged,MERGED-L1S1-LN,beta_inc[1],0.429211299320027,0.134584721542644,0.168926604792842,0.429201417051888,0.6957531945356
merged,MERGED-L1S1-LN,beta_inc[2],0.892340395751865,0.174577608993093,0.559336051066013,0.89175926450998,1.23573877984591
merged,MERGED-L1S1-LN,beta_inc[3],0.605221923459878,0.186894734544105,0.244716032790313,0.605460410770697,0.970752183541758
merged,MERGED-L1S1-LN,beta_inc[4],0.412379579757202,0.28068107404369,-0.12069816252194,0.409850726121845,0.972582204515611
merged,MERGED-L1S1-LN,beta_inc[5],0.0818162666069868,0.300936763597646,-0.505173038007467,0.0817886146885691,0.66244966946929
merged,MERGED-L1S1-LN,delta0,10.4756118916851,1.12725290148721,8.70162561727025,10.3322144720815,13.1730688571528
merged,MERGED-L1S1-LN,gamma0,1.5661469916972801,0.77616389240276,-0.0487096404859524,1.59230435014341,3.01041558902402
merged,MERGED-L1S1-LN,gamma_lat[1],0.133122300380651,0.553477417258089,-0.928861098042921,0.141198602913741,1.23697326399599
merged,MERGED-L1S1-LN,gamma_lat[2],0.458040639802933,0.466213097996875,-0.45174358903655,0.457562871055544,1.35464641286151
merged,MERGED-L1S1-LN,gamma_lat[3],-0.339894653715131,0.667352654886724,-1.67348135166218,-0.337909410174643,1.01715226580354
merged,MERGED-L1S1-LN,gamma_lat[4],1.12403772018299,0.50758915270634,0.11053671136719,1.13147156014541,2.12331570126505
merged,MERGED-L1S1-LN,log_sigma_LN,0.917739401506377,0.129404431114415,0.661166332205584,0.919473611441635,1.16916477472471
merged,MERGED-L1S1-W,beta_inc[1],0.433675163905683,0.134268337518483,0.174764252246478,0.432712336559334,0.703072358623674
merged,MERGED-L1S1-W,beta_inc[2],0.882512879775175,0.180497814466982,0.531889840350997,0.880048192894815,1.24211825001566
merged,MERGED-L1S1-W,beta_inc[3],0.603258714136843,0.189437839774338,0.233433611952705,0.60357690742234,0.972882878458956
merged,MERGED-L1S1-W,beta_inc[4],0.396192887133642,0.275631839789808,-0.156207336047251,0.395007268728486,0.928994861592383
merged,MERGED-L1S1-W,beta_inc[5],0.0836426674196977,0.30577087780046,-0.508852754701118,0.0817593869924174,0.677825604821535
merged,MERGED-L1S1-W,delta0,10.4257154279932,1.24326398547561,8.52152902720668,10.2784157992468,13.2909606656797
merged,MERGED-L1S1-W,gamma0,1.22601118897237,0.707933520387324,-0.297693425238901,1.25340727789089,2.54126673376814
merged,MERGED-L1S1-W,gamma_lat[1],0.0462200002576992,0.521883198930432,-0.941649347247547,0.0345210492887072,1.1089702060767
merged,MERGED-L1S1-W,gamma_lat[2],0.437562767040785,0.452186407629774,-0.43816173248329,0.438575602825638,1.31655399115929
merged,MERGED-L1S1-W,gamma_lat[3],-0.386866468069586,0.627676003550162,-1.59721796263128,-0.393964089888844,0.820529781248782
merged,MERGED-L1S1-W,gamma_lat[4],1.09076145218055,0.49438638410673,0.0731823298076006,1.11646556753605,2.01204119310059
merged,MERGED-L1S1-W,rho_W,-0.374065903165389,0.131658092853406,-0.640612403737034,-0.373769482872339,-0.118758216286825
PNU,PNU-L0-E,beta_inc[1],0.414427336863732,0.132622401307243,0.16015318989473,0.412742387832882,0.675296558881706
PNU,PNU-L0-E,beta_inc[2],0.91636998285533,0.175844734863938,0.572480842613072,0.916899269793801,1.25772032098524
PNU,PNU-L0-E,beta_inc[3],0.61191692727607,0.191792488348196,0.229569497989761,0.612010067705584,0.97834434277105
PNU,PNU-L0-E,beta_inc[4],0.3984234871221,0.274967500965395,-0.142467434906325,0.395951611746208,0.940149938523927
PNU,PNU-L0-E,beta_inc[5],0.0756827275149622,0.293099257579852,-0.491800473526395,0.0704332150004094,0.656585415615583
PNU,PNU-L0-E,delta0,8.61643285600961,1.06773076493139,7.16402996364964,8.39407477465105,11.2325012375801
PNU,PNU-L0-E,gamma0,-0.233266534152027,0.678821208834645,-1.38762934090118,-0.28126313352027,1.15533830720781
PNU,PNU-L0-E,gamma_lat[1],0.214327499099657,0.52028483584879,-0.811124502269503,0.209160270209751,1.24418345005619
PNU,PNU-L0-E,gamma_lat[2],0.792257524474798,0.608935417435685,-0.373011359302781,0.790887991471522,1.9737666442433
PNU,PNU-L0-LL,beta_inc[1],0.413947275395787,0.132963320462217,0.154507710302512,0.414283955894026,0.674984455376884
PNU,PNU-L0-LL,beta_inc[2],0.923793681945186,0.167350091818266,0.60255509613183,0.921723782405428,1.25822911212183
PNU,PNU-L0-LL,beta_inc[3],0.612851647033608,0.189105962241046,0.242708345483982,0.61128057138131,0.978248109885009
PNU,PNU-L0-LL,beta_inc[4],0.414597932996507,0.273295917278036,-0.113183621576043,0.418219498564653,0.951903550183755
PNU,PNU-L0-LL,beta_inc[5],0.0805246859635423,0.291841217136964,-0.514295573026911,0.0829723405613217,0.625241690764273
PNU,PNU-L0-LL,delta0,9.00121407685544,1.17004532781913,7.26796662632894,8.78964864225358,11.9423247444165
PNU,PNU-L0-LL,gamma0,0.289661273446612,1.05334232455395,-1.60967103481849,0.258571104972818,2.44373430654698
PNU,PNU-L0-LL,gamma_lat[1],0.214365157510746,0.714862457817741,-1.22202377100884,0.226539532780444,1.57917954156117
PNU,PNU-L0-LL,gamma_lat[2],0.724494139355657,0.725688212308197,-0.721464501773014,0.726305228560313,2.16180154290056
PNU,PNU-L0-LL,psi_LL,0.215360419002724,0.289600580403811,-0.372151144505581,0.21963475826718,0.779945458775484
PNU,PNU-L0-LN,beta_inc[1],0.411658788724311,0.134402530585649,0.149745040789297,0.412259993913498,0.672351399088668
PNU,PNU-L0-LN,beta_inc[2],0.916758475467454,0.178212621669262,0.563465460361175,0.91635121627966,1.26787625137972
PNU,PNU-L0-LN,beta_inc[3],0.605690896713293,0.197844440063285,0.216416869127501,0.60540120596762,0.995476692012961
PNU,PNU-L0-LN,beta_inc[4],0.406106434495072,0.271714130825367,-0.122706127828011,0.407996570693638,0.936507067752596
PNU,PNU-L0-LN,beta_inc[5],0.0738535624176424,0.301091190854973,-0.528622041897349,0.0806760488833468,0.665939457602877
PNU,PNU-L0-LN,delta0,8.9205376577519,1.16899581611328,7.22111030232221,8.71819743513532,11.8545532604954
PNU,PNU-L0-LN,gamma0,0.244856865283753,1.05941040341889,-1.5722381030331,0.182178163311633,2.40971161164186
PNU,PNU-L0-LN,gamma_lat[1],0.283784533981012,0.693649641177255,-1.08564097547464,0.299191360541631,1.59598930139881
PNU,PNU-L0-LN,gamma_lat[2],0.653756733042733,0.719007358714036,-0.815991111293819,0.671726445244687,2.03658469109977
PNU,PNU-L0-LN,log_sigma_LN,0.746844436856261,0.279296372568803,0.21045662661756,0.750742312247071,1.29252805702199
PNU,PNU-L0-W,beta_inc[1],0.415917570301951,0.128959892961606,0.156482626778596,0.417239879723997,0.669900105607968
PNU,PNU-L0-W,beta_inc[2],0.917705211938798,0.173171243962899,0.582705716517141,0.921574667270151,1.25768601953411
PNU,PNU-L0-W,beta_inc[3],0.610439368293708,0.192646246325883,0.226746202967115,0.610820014564913,0.978501183884654
PNU,PNU-L0-W,beta_inc[4],0.419135798009794,0.272602396987617,-0.111687627462705,0.42289987257483,0.963088565370029
PNU,PNU-L0-W,beta_inc[5],0.0748269761026125,0.305153219966663,-0.510454001978928,0.0746281350372289,0.67878785568754
PNU,PNU-L0-W,delta0,9.0207026332743,1.1792839246788,7.23396326066519,8.84217687613186,11.8983296092274
PNU,PNU-L0-W,gamma0,0.262304438217009,0.942844319590553,-1.43393268778625,0.248047845043057,2.20441703036218
PNU,PNU-L0-W,gamma_lat[1],0.0787757942820815,0.674979631950197,-1.25991534647689,0.0868909498303206,1.39807493659281
PNU,PNU-L0-W,gamma_lat[2],0.73522126053832,0.70798292871657,-0.689994270582368,0.735120473130644,2.06611188917856
PNU,PNU-L0-W,rho_W,-0.369639572827148,0.266049597722425,-0.941782237354588,-0.357272472639746,0.113218865650438
PNU,PNU-L1-E,beta_inc[1],0.414982015234225,0.133639435300825,0.145061877547539,0.412698049625592,0.677190948265165
PNU,PNU-L1-E,beta_inc[2],0.913165923595122,0.168744625285586,0.58819010212958,0.910828812980895,1.25164561981708
PNU,PNU-L1-E,beta_inc[3],0.613389624100451,0.187740883530502,0.245776608581289,0.614874101467861,0.977012268426462
PNU,PNU-L1-E,beta_inc[4],0.40529699828741,0.276541564378266,-0.138170071292115,0.40218305048005,0.946177893056402
PNU,PNU-L1-E,beta_inc[5],0.0792648737201317,0.300541329717446,-0.519826297101786,0.0814248600638637,0.673592176541435
PNU,PNU-L1-E,delta0,8.68873502963873,1.05402230840606,7.1581631648823,8.49310630577233,11.3229175167252
PNU,PNU-L1-E,gamma0,-0.205814115105254,0.673887895400989,-1.41143995975828,-0.231197388642139,1.13466705180615
PNU,PNU-L1-E,gamma_lat[1],0.266931859726032,0.53886754813396,-0.755667586926274,0.263872805929625,1.34075447450403
PNU,PNU-L1-E,gamma_lat[2],0.822605778273375,0.609780674378707,-0.392166633113596,0.830184398922845,1.98006198333146
PNU,PNU-L1-E,gamma_lat[3],-0.464010149627012,0.799402385562367,-2.02974142568787,-0.473337670374283,1.10158104652387
PNU,PNU-L1-LL,beta_inc[1],0.412472022651993,0.128327202748948,0.159234600863928,0.411430099253051,0.669748788713228
PNU,PNU-L1-LL,beta_inc[2],0.921579839775687,0.173535185275844,0.57498866017367,0.923214945900868,1.26920579145459
PNU,PNU-L1-LL,beta_inc[3],0.606210630952384,0.188919819695545,0.244725226417955,0.606879680293607,0.975267497500177
PNU,PNU-L1-LL,beta_inc[4],0.415860176496409,0.266150024650963,-0.0947936917312542,0.413435157874743,0.949297114330297
PNU,PNU-L1-LL,beta_inc[5],0.0696307153266709,0.296595786315382,-0.513056549956378,0.0719581584433723,0.647163845642404
PNU,PNU-L1-LL,delta0,9.04659661235319,1.17297584443778,7.30611652698854,8.8603986775392,11.9307159054455
PNU,PNU-L1-LL,gamma0,0.294044648706864,1.00651310678742,-1.5252487113409,0.266309422454043,2.3327565921191
PNU,PNU-L1-LL,gamma_lat[1],0.259121970321188,0.716991424621308,-1.2305086544348,0.275041823564039,1.62777745978234
PNU,PNU-L1-LL,gamma_lat[2],0.745386147844032,0.714626553766211,-0.665071697970275,0.740628420431905,2.17929008418531
PNU,PNU-L1-LL,gamma_lat[3],-0.333198902379348,0.89931894617374,-2.03520593641964,-0.347843551057243,1.5035631961979
PNU,PNU-L1-LL,psi_LL,0.219026509954665,0.281070238536286,-0.332079926211612,0.219771941870833,0.782962939137225
PNU,PNU-L1-LN,beta_inc[1],0.413608603640863,0.132705976335491,0.156413161593167,0.412198328434345,0.670772075572719
PNU,PNU-L1-LN,beta_inc[2],0.917253954366777,0.177962811244807,0.567596970290536,0.920349105357147,1.26144292307316
PNU,PNU-L1-LN,beta_inc[3],0.613594851512753,0.192434757334513,0.231227698080051,0.614688178764173,0.984591248673895
PNU,PNU-L1-LN,beta_inc[4],0.415376519522745,0.271994669442313,-0.11031813879183,0.414455239989111,0.941343404161166
PNU,PNU-L1-LN,beta_inc[5],0.0750516755433241,0.301693804408669,-0.518185943322735,0.0745617305347922,0.676695478242517
PNU,PNU-L1-LN,delta0,8.97293090133401,1.11264265316065,7.3239195756839,8.80595617602651,11.7129078951282
PNU,PNU-L1-LN,gamma0,0.292704975677168,1.04360935726406,-1.49197781148979,0.229559482454989,2.39810367616722
PNU,PNU-L1-LN,gamma_lat[1],0.33058486978019,0.726582601394187,-1.13832056628069,0.354106132156415,1.73014605924966
PNU,PNU-L1-LN,gamma_lat[2],0.673006294856415,0.709637317207397,-0.71749733190846,0.67211995292433,2.07436977585838
PNU,PNU-L1-LN,gamma_lat[3],-0.29105475614654,0.89919217910066,-2.02559710206762,-0.291078971877397,1.47283843397009
PNU,PNU-L1-LN,log_sigma_LN,0.753322237838376,0.268552827140014,0.223429582689698,0.751835440371146,1.273157741893
PNU,PNU-L1-W,beta_inc[1],0.417959539852548,0.130871837356617,0.166606944918782,0.417751960837165,0.672614011692776
PNU,PNU-L1-W,beta_inc[2],0.917737102830411,0.179251226993978,0.568591374367134,0.917287877304114,1.28018401215609
PNU,PNU-L1-W,beta_inc[3],0.605480120581026,0.185413257927384,0.248617475253252,0.603545289348885,0.969920372723038
PNU,PNU-L1-W,beta_inc[4],0.422377901885472,0.269515608375056,-0.0951247642769323,0.421087400463898,0.952857258055126
PNU,PNU-L1-W,beta_inc[5],0.0704268479275745,0.304145118224293,-0.525655168540005,0.0706321952699897,0.670330258840168
PNU,PNU-L1-W,delta0,9.09264095327218,1.20188628189627,7.27371669011456,8.91147743904886,11.9658322034272
PNU,PNU-L1-W,gamma0,0.30945339758154,0.930987387596884,-1.35383409821999,0.294908666689642,2.22560837592591
PNU,PNU-L1-W,gamma_lat[1],0.114623967535354,0.681156615145056,-1.18011973724445,0.112922519046941,1.44516567794656
PNU,PNU-L1-W,gamma_lat[2],0.731434657408522,0.707653317409728,-0.606226162956861,0.729402750035072,2.10599795058742
PNU,PNU-L1-W,gamma_lat[3],-0.385948392322325,0.862591856966239,-2.07816191550921,-0.397597649710045,1.31081598286755
PNU,PNU-L1-W,rho_W,-0.378188044658344,0.262588650916634,-0.910098446008485,-0.365314833414161,0.110514375162742
SNU,SNU-L0-E,beta_inc[1],0.42504142003226,0.13204995457151,0.166200293047138,0.425272890305371,0.682781754160513
SNU,SNU-L0-E,beta_inc[2],0.826651952867461,0.182441712305821,0.474663635263334,0.828753652241946,1.18659347288107
SNU,SNU-L0-E,beta_inc[3],0.602762163012232,0.187901972254602,0.2336613265979,0.604308781850848,0.956688683104683
SNU,SNU-L0-E,beta_inc[4],0.301563969816222,0.291885804554581,-0.259603819675874,0.294110547245608,0.865661339971957
SNU,SNU-L0-E,beta_inc[5],0.0910509983383215,0.295036510170735,-0.47128937560442,0.0889578996226356,0.672095146217205
SNU,SNU-L0-E,delta0,9.45912587557116,1.29206444336694,7.82224175692502,9.14743610807574,12.727659373161
SNU,SNU-L0-E,gamma0,1.68317126055797,0.695716885910589,0.3673783224885,1.74644735269001,2.88826738069249
SNU,SNU-L0-E,gamma_lat[1],-0.00299103026631727,0.389718575258243,-0.758249714581437,-0.00495435070618641,0.778325187696507
SNU,SNU-L0-E,gamma_lat[2],0.241087598118112,0.435621544035613,-0.577630508643484,0.238397057062443,1.12820094966211
SNU,SNU-L0-LL,beta_inc[1],0.429488878316876,0.130515778302487,0.173506777992203,0.430429165296137,0.680116515725001
SNU,SNU-L0-LL,beta_inc[2],0.879680472681232,0.176881345090594,0.538654570093245,0.874289206025039,1.23276781528108
SNU,SNU-L0-LL,beta_inc[3],0.596726098164149,0.189700391378444,0.21972071007221,0.596670600790163,0.978344264716993
SNU,SNU-L0-LL,beta_inc[4],0.42177133455365,0.279172644088478,-0.119041016978137,0.422610782101608,0.965876925662734
SNU,SNU-L0-LL,beta_inc[5],0.0619617065246661,0.299140680394534,-0.515071200933325,0.0566304163949197,0.676403602234407
SNU,SNU-L0-LL,delta0,10.4636127888498,1.27108078463225,8.52990395690568,10.2585227582492,13.4714410566109
SNU,SNU-L0-LL,gamma0,2.64993517979318,0.713852101625359,1.12190646114074,2.69491826855999,3.98245537546292
SNU,SNU-L0-LL,gamma_lat[1],-0.0225602774263494,0.480897592084403,-0.922668697298013,-0.0362877419161487,0.966715390620486
SNU,SNU-L0-LL,gamma_lat[2],0.212379963727857,0.521399173990361,-0.779317742039403,0.196159205303794,1.24128106208855
SNU,SNU-L0-LL,psi_LL,0.264099773278977,0.148885001954962,-0.0194230104482114,0.262856197337496,0.55793025328603
SNU,SNU-L0-LN,beta_inc[1],0.432515127768217,0.132449869835834,0.172247606553742,0.434206693981553,0.686606297024509
SNU,SNU-L0-LN,beta_inc[2],0.885647164843089,0.174713048124625,0.539213454759634,0.888171988185455,1.22305937251618
SNU,SNU-L0-LN,beta_inc[3],0.59404353117045,0.195580832463649,0.212650170688018,0.598024480042951,0.983377510457076
SNU,SNU-L0-LN,beta_inc[4],0.412947814395717,0.275532464273425,-0.123959609883663,0.411673887076356,0.937374822257197
SNU,SNU-L0-LN,beta_inc[5],0.0776846449665179,0.298541366426803,-0.502079756613047,0.0807798346467166,0.660379413464187
SNU,SNU-L0-LN,delta0,10.4338401527792,1.19429126797118,8.57434367450476,10.254223691479,13.3211215393699
SNU,SNU-L0-LN,gamma0,2.86206024869055,0.763542582963693,1.2346294510248501,2.89055194728595,4.2947489753858
SNU,SNU-L0-LN,gamma_lat[1],0.0554632225298539,0.49825590007142,-0.927108725680593,0.0542827865490433,1.01496211379892
SNU,SNU-L0-LN,gamma_lat[2],0.220998565722021,0.531585081420503,-0.839797582420699,0.221146315209014,1.28471614720497
SNU,SNU-L0-LN,log_sigma_LN,0.910622127364113,0.138531608132089,0.635891682037988,0.912429727801674,1.19225324704691
SNU,SNU-L0-W,beta_inc[1],0.427464540628208,0.130249145069396,0.171828947204164,0.429884920486141,0.688853121047876
SNU,SNU-L0-W,beta_inc[2],0.868161319053661,0.176093262979569,0.525426234371038,0.86590628959437,1.21478180539082
SNU,SNU-L0-W,beta_inc[3],0.594772927018605,0.188145935369043,0.23041692920981,0.5936416054273,0.952560502867719
SNU,SNU-L0-W,beta_inc[4],0.403607230536447,0.290634342762777,-0.167027166687673,0.408981684598626,0.970593259874767
SNU,SNU-L0-W,beta_inc[5],0.0732823778340009,0.30010074611591,-0.508003704328634,0.0735839241202352,0.655588020210981
SNU,SNU-L0-W,delta0,10.2800777020705,1.27428131417661,8.27186163311009,10.1289150182084,13.1943598790758
SNU,SNU-L0-W,gamma0,2.43657220797406,0.710468375800003,0.857356678007235,2.50060458691752,3.68223003138286
SNU,SNU-L0-W,gamma_lat[1],0.0541940710473768,0.461214793805826,-0.821176800966654,0.0461607841426814,0.986486852713578
SNU,SNU-L0-W,gamma_lat[2],0.198983290253309,0.503604879458142,-0.778042180693215,0.19563936373232,1.21718744186471
SNU,SNU-L0-W,rho_W,-0.351962976123377,0.151089509103217,-0.647512218764328,-0.348124751036827,-0.0721290499144962
SNU,SNU-L1-E,beta_inc[1],0.429417933501778,0.129215023549452,0.174897243556019,0.428340107628646,0.683402192942695
SNU,SNU-L1-E,beta_inc[2],0.841570446314601,0.181717439672641,0.481539800780039,0.842120286135974,1.19367785486552
SNU,SNU-L1-E,beta_inc[3],0.599298693909305,0.18804554946816401,0.237295217708708,0.598334193694718,0.968868263604893
SNU,SNU-L1-E,beta_inc[4],0.33087671921278,0.300162130003143,-0.242548749066623,0.330776139431904,0.915612823828594
SNU,SNU-L1-E,beta_inc[5],0.0893519651257068,0.291114347887312,-0.481408098351282,0.0913688733306937,0.667843980705948
SNU,SNU-L1-E,delta0,9.64853931475189,1.32378507083241,7.85875531393471,9.42650666210632,12.8448238722487
SNU,SNU-L1-E,gamma0,1.8164862315776,0.708627754846894,0.325396104035759,1.93938899989863,2.94319960745993
SNU,SNU-L1-E,gamma_lat[1],0.25091342818531,0.576790050447485,-0.90699910301978,0.25311718256638,1.38569547597535
SNU,SNU-L1-E,gamma_lat[2],0.203817540440349,0.428533310598422,-0.600055441692847,0.189396359982836,1.09734072400166
SNU,SNU-L1-E,gamma_lat[3],-0.375695554091571,0.647060521612205,-1.60515325101253,-0.398855995386163,0.943182387899442
SNU,SNU-L1-LL,beta_inc[1],0.431399159651186,0.1372942195605,0.165818155712279,0.431644293325258,0.699451613285156
SNU,SNU-L1-LL,beta_inc[2],0.881344285751103,0.172833348665993,0.542174574024144,0.880544939293517,1.22775049918535
SNU,SNU-L1-LL,beta_inc[3],0.594787876660334,0.193155765064067,0.204062424750457,0.598155837326376,0.969483320742928
SNU,SNU-L1-LL,beta_inc[4],0.414628411065324,0.280456500896635,-0.151227629041062,0.417911843326571,0.967155520632485
SNU,SNU-L1-LL,beta_inc[5],0.0686781097516474,0.298249989029974,-0.534363649353343,0.0751588384428983,0.63997169709127
SNU,SNU-L1-LL,delta0,10.4205524460811,1.22377308196043,8.51013052604483,10.257850047969299,13.3347080661725
SNU,SNU-L1-LL,gamma0,2.64891431320755,0.715597514034385,1.13327373102616,2.68459620612471,3.99348430581865
SNU,SNU-L1-LL,gamma_lat[1],0.22028875268752,0.615601812022198,-1.00606993259759,0.233583778767252,1.42588771194917
SNU,SNU-L1-LL,gamma_lat[2],0.225845084841499,0.521313102187026,-0.792611866630796,0.225309237338814,1.23868260509803
SNU,SNU-L1-LL,gamma_lat[3],-0.373242454417207,0.699359772022591,-1.74278760753567,-0.380419855605572,1.02779137321125
SNU,SNU-L1-LL,psi_LL,0.264814139974455,0.147234146011028,-0.0165474867623493,0.263411693601474,0.557531473556614
SNU,SNU-L1-LN,beta_inc[1],0.43145125556906,0.133389213893594,0.169257688002468,0.429563388885763,0.696020493433136
SNU,SNU-L1-LN,beta_inc[2],0.886254162458246,0.173593143484356,0.550368055733358,0.889381084407575,1.21911446330991
SNU,SNU-L1-LN,beta_inc[3],0.598161147836284,0.192563296060208,0.230856043540575,0.598019052290553,0.976377825930452
SNU,SNU-L1-LN,beta_inc[4],0.417810922353746,0.278272136576727,-0.108962420717918,0.415719777316589,0.973309274606855
SNU,SNU-L1-LN,beta_inc[5],0.0685922110844513,0.300793273727281,-0.499290552784962,0.0639005913750652,0.664481687401808
SNU,SNU-L1-LN,delta0,10.4494457436173,1.22864589942395,8.57303545140233,10.2756256643506,13.5062784458958
SNU,SNU-L1-LN,gamma0,2.88311231445294,0.790099255402245,1.20165408362432,2.92587729664897,4.34735778301352
SNU,SNU-L1-LN,gamma_lat[1],0.257010179665835,0.657807617126046,-1.00220943869641,0.259518600697138,1.53111141677498
SNU,SNU-L1-LN,gamma_lat[2],0.224768655690173,0.54120485637027,-0.824459116208554,0.225780861322242,1.29647618379917
SNU,SNU-L1-LN,gamma_lat[3],-0.340711268971371,0.71227377844619,-1.68055245260279,-0.359261878949172,1.05958655546394
SNU,SNU-L1-LN,log_sigma_LN,0.911575298956414,0.139480730170517,0.637834279538129,0.912356481697433,1.18329780088949
SNU,SNU-L1-W,beta_inc[1],0.43096210869083,0.136544291330666,0.16271070542301,0.431656852497506,0.700660871206482
SNU,SNU-L1-W,beta_inc[2],0.879773466557885,0.173415900525819,0.546476512641567,0.880816829648665,1.21597449292476
SNU,SNU-L1-W,beta_inc[3],0.597660650425813,0.192872048650269,0.230297578820121,0.599296391048011,0.979848181328619
SNU,SNU-L1-W,beta_inc[4],0.412380677507338,0.285512513099199,-0.166564704420014,0.414406445431571,0.98275941756304
SNU,SNU-L1-W,beta_inc[5],0.064435625800311,0.30040329454337,-0.529505552696166,0.0684853201443524,0.641834078815986
SNU,SNU-L1-W,delta0,10.3921110426164,1.27610148934464,8.35452973018356,10.2365884861441,13.3653766871236
SNU,SNU-L1-W,gamma0,2.49914265322576,0.669131894516774,0.969965285655863,2.55639516372029,3.70097219819776
SNU,SNU-L1-W,gamma_lat[1],0.314009153134378,0.612802017670916,-0.891404487744769,0.317712505312536,1.52362966303724
SNU,SNU-L1-W,gamma_lat[2],0.195217844567195,0.486914191324465,-0.785205374875469,0.192271640732279,1.17543695071582
SNU,SNU-L1-W,gamma_lat[3],-0.454488878874949,0.689425256633905,-1.82515923944744,-0.455253634489364,0.930036339963331
SNU,SNU-L1-W,rho_W,-0.352860364905874,0.149801228700119,-0.653994592752462,-0.350730769523138,-0.0637219316714691
